property_id,TagLine, ListPrice ,Bedrooms,Bathrooms,LivingArea,LotSizeSquareFeet,YearBuilt,PropertyType,OnMarketDate,StreetName,City,Lat,Lon,Company
15383,"BO. TOITA, TERRENOS EN CAYEY, PUERTO RICO"," $310,000.00 ",0,0.0,0,1323,0,Land,3/26/2019,BO. TOITA CARRETERA #14 KM 685 CAYEY PUERTO RICO 00736,Cayey,18.12928693,-66.17965859,Company1
15896,"RIO ARRIBA PONIENTE, SOLAR EN MANATI, PUERTO RICO"," $29,500.00 ",0,0.0,0,900,0,Land,9/30/2019,CARR 641 KM 3.8,Manati,18.38525612,-66.50729244,Company1
16011,"BO. SABANA HOYOS, SOLAR EN ARECIBO"," $249,000.00 ",0,0.0,0,73978,0,Land,8/20/2021,Bo. Sabana Hoyos Sector Los Manantiales Carr 2 Km 61.1,Arecibo,18.4274072,-66.6218762,Company3
16850,"PUEBLITO DEL CARMEN, CASA EN GUAYAMA, PUERTO RICO"," $124,000.00 ",3,2.0,1680,1377,1987,Homes,4/20/2020,Carr. 7712 km.1.0,Guayama,18.032295,-66.168893,Company1
16887,"Estancias de Golden Hills, Solar en Dorado, Puerto Rico"," $55,000.00 ",0,0.0,0,1000,0,Land,4/30/2020,Carr 2 Km 28.0 Int Barrio Maguayo Lote 2 Del Bloque GH (GH-26A),Dorado,18.4119722,-66.2949109,Company3
16930,"Bo. Arenales, Solar en Isabela, P.R."," $130,000.00 ",0,0.0,0,2257,0,Land,6/8/2020,Carr 112 Km 6.5,Isabela,18.440033,-67.034355,Company1
17033,Local Comercial Vista Alegre en Ponce," $1,300,000.00 ",0,3.0,225069,20909,0,Land,7/24/2020,Carr. 511 Km. 2.2 Vista Alegre sector Real Anon Ward,Ponce,18.069188,-66.557623,Company3
17099,"Bo. Pueblo, Local Comercial en Coamo"," $165,000.00 ",2,2.0,2000,185,1960,Commercial,8/18/2020,Calle Ruiz Belvis # 10,Coamo,18.07909631,-66.35564613,Company1
17178,Casa Park Boulevard en San Juan P. R," $2,500,000.00 ",10,7.0,3600,500,1960,Homes,10/1/2020,Park Boulevard #2210 Ocean Park 00911 P. R,San Juan - Santurce,18.452799,-66.0440534,Company3
17179,Casa Park Boulevard en San Juan P. R," $2,500,000.00 ",10,7.0,3600,500,1960,Homes,10/1/2020,Park Boulevard #2218 Ocean Park 00911 P. R,San Juan - Condado-miramar,18.4527195,-66.0446475,Company3
17212,"BO. BEATRIZ, TERRENO EN CIDRA"," $100,000.00 ",0,0.0,0,17568,0,Land,1/1/2022,"Km 4.1 Carr 734, Bo. Beatriz",Cidra,18.15911002,-66.12916435,Company1
18419,"Geronimo Martinez, Local Comercial en Aibonito"," $239,000.00 ",2,2.0,2642,153,1960,Commercial,12/21/2020,Calle Geronimo Martinez C-4,Aibonito,18.139459,-66.267141,Company1
20980,"Bo. Pozo Hondo, Casa en Guayama"," $54,000.00 ",2,1.0,1344,350,1975,Homes,12/31/2021,# 199 Comm Rural Santa Juanita Bo. Pozo Hondo,Guayama,17.99623,-66.18745,Company1
20982,"Bo. Jobos, Casa en Guayama"," $40,000.00 ",3,2.0,1416,3589,1980,Homes,1/31/2022,# 65 Calle 4 Comm Rural Pozo Hondo Bo. Jobos,Guayama,17.99578,-66.19153,Company1
20984,"Bo. Rincon, Solar en Gurabo"," $645,000.00 ",0,0.0,0,168810,0,Land,4/30/2021,Carr 30 & Carr 203 Villa del Este Bo. Rincon,Gurabo,18.24109137,-65.98486624,Company1
20985,"Bo. Rincon, Solar en Gurabo"," $950,000.00 ",0,0.0,0,302851,0,Land,4/30/2021,Carr 30 & Carr 203 Villa del Este Bo. Rincon,Gurabo,18.23249006,-65.9897974,Company1
20987,"Bo. Bajura, Casa en Vega Alta"," $45,000.00 ",2,1.0,959,788,1977,Homes,4/30/2021,Lote C-156 Calle 13 Bo. Bajura Comm Rural Monserrate,Vega Alta,18.43334,-66.35214,Company1
20988,"Bo. Esperanza, Casa en Arecibo"," $51,000.00 ",3,1.0,1044,369,1985,Homes,12/31/2021,Carr 635 Km 8.0 Int. Parc 13 Comm Cienaguetas Bo. Esperanza,Arecibo,18.3792889,-66.7498462,Company1
20989,"Bo. Mucarabones, Casa en Toa Alta"," $95,000.00 ",3,1.0,1027,701,1995,Homes,2/28/2022,Lote 29-A Calle 1 Bo. Mucarabones Comm Rural Pajaros,Toa Alta,18.37264,-66.218057,Company1
20990,"Bo. Calzada, Casa en Maunabo"," $55,250.00 ",4,2.0,1289,1703,1998,Homes,4/30/2021,Carr 759 Km 0.3 Bo. Calzada,Maunabo,18.0051,-65.908,Company1
20996,"Urb. Villas De Rio Grande, Local Comercial en Rio Grande"," $76,500.00 ",0,1.0,1840,318,1973,Commercial,11/29/2021,Local B-23 Calle Carlos Garcia de la Noceda Urb Villas de Rio Grande,Rio Grande,18.381116,-65.832256,Company1
20997,"Bo. Palomas, Casa en Comerio"," $100,000.00 ",3,2.0,1416,529,1980,Homes,10/30/2021,Carr 809 Km 4.0 Bo. Palomas,Comerio,18.247343,-66.260298,Company1
20998,"Bo. Esperanza, Casa en Arecibo"," $69,500.00 ",6,3.0,2472,350,1983,Homes,4/30/2021,Lote 213 Calle 5 Comm Cienegueta Bo. Esperanza,Arecibo,18.37495,-66.752513,Company1
21010,"Urb. Garcia, Casa en San Juan"," $383,500.00 ",5,7.5,4111,2136,1969,Homes,12/31/2021,# 31 Calle D Urb Garcia Bo. Caimito,San Juan - Rio Piedras,18.3629,-66.0836,Company1
21013,"Bo. Palos Blancos, Casa en Corozal"," $59,000.00 ",3,1.0,832,631,1994,Homes,5/1/2021,Carr 807 Km 4.8 Bo. Palos Blancos Dos Bocas I,Corozal,18.29325,-66.31714,Company1
21015,"Bo. Salvador, Terreno en Caguas"," $10,000.00 ",0,0.0,0,3275,0,Land,5/1/2021,Carr 765 Km 8.5 Int. Lote 2 Bo. Salvador,Caguas,18.12143719,-66.04080058,Company1
21016,"Bo. Monacillos, Casa en San Juan"," $109,000.00 ",6,3.0,2016,238,1966,Multi-Family Homes,9/29/2021,Bo. Monacillos (22-A) LA 767 SO 7 St Caparra Terrace Dev,San Juan - Rio Piedras,18.4012,-66.0899,Company1
21020,"Bo. Palomas, Casa en Comerio"," $59,000.00 ",7,2.0,2462,244,1977,Homes,11/30/2021,Carr 156 Km 31.6 La Loma Bo. Palomas,Comerio,18.2178,-66.23117,Company1
21022,"Bo. Dajaos, Casa en Bayamón"," $63,000.00 ",6,3.0,1778,632,1980,Homes,5/1/2021,Carr 167 Parc # 66 Calle 7 Bo. Dajaos,Bayamon,18.3039,-66.1841,Company1
21027,"Bo. Santa Olaya, Casa en Bayamón"," $35,000.00 ",3,1.0,900,504,1970,Homes,3/31/2023,Carr 829 Km 4.3 Lote # 3 Sec El Punto Santa Oyala,Bayamon,18.31676,-66.17485,Company1
21033,"Bo. Pueblo, Local Comercial en Mayaguez"," $116,550.00 ",6,4.0,4384,202,1960,Commercial,12/31/2021,# 110 Calle Cristy Ezq Dr. Vadi,Mayaguez,18.19959851,-67.14791045,Company1
21035,"Bo. Barinas, Casa en Yauco"," $49,000.00 ",4,1.0,1087,367,1979,Homes,1/31/2022,# 208 Calle Ocasio Pagan Bo. Barinas,Yauco,18.013908,-66.847009,Company1
21043,"Urb. Lirios del Sur, Casa en Ponce"," $36,000.00 ",2,1.0,714,200,1979,Homes,5/3/2021,# 3030(G-17) Calle Arrecife Urb. Lirios del Sur,Ponce,17.987322,-66.635261,Company1
21048,"Bo. Cantera, Edificio Multifamiliar en Ponce"," $152,500.00 ",0,1.0,5374,226,1980,Commercial,11/30/2021,# 60 Calle Mayor Cantera Ponce Town Core,Ponce,18.01949735,-66.61182775,Company1
21049,"Bo. Arenas, Casa en Utuado"," $59,000.00 ",5,2.0,1620,491,1987,Multi-Family Homes,2/28/2022,A-10(Parc # 90)  Comm Los Pinos Bo. Arenas Carr 523,Utuado,18.262471,-66.706612,Company1
21061,"Bo. Almacigo Bajo, Casa en Yauco"," $54,000.00 ",3,1.0,936,1005,1980,Homes,11/30/2021,Carr 371 Km 3.0 Lote 83 Calle Herminio Perez Bo. Almacigo Bajo,Yauco,18.0545634,-66.8658433,Company1
21062,"Bo. Rio Prieto, Casa en Yauco"," $43,000.00 ",2,1.0,621,931,1994,Homes,1/31/2022,Carr 374 Km 5.0 Bo. Rio Prieto,Yauco,18.14106,-66.85256,Company1
21070,"Bo. Capitanejo, Casa en Juana Diaz"," $50,000.00 ",3,1.0,750,300,2009,Homes,5/4/2021,N-27 Calle Marginal Bo. Capitanejo,Juana Diaz,17.9982,-66.5306,Company1
21077,"Bo. Sabana Llana, Casa en San Juan"," $69,000.00 ",5,2.0,1664,902,1975,Multi-Family Homes,12/31/2021,# 316 Calle 2 Comm Santo Domingo Bo. Sabana Llana,San Juan - Rio Piedras,18.3814,-66.0063,Company1
21085,"Bo. Quebrada Arriba, Casa en Cayey"," $52,000.00 ",6,2.0,1053,1000,1993,Homes,5/5/2021,Carr 15 Km 21.1 Int. Lot 1 Bo. Quebrada Arriba,Cayey,18.09669368,-66.1565723,Company1
21098,"Bo. Camarones, Terreno en Guaynabo"," $198,000.00 ",0,0.0,0,3029,0,Land,5/10/2021,"Bo. Camarones, Carr. PR 169, Km. 2.2",Guaynabo,18.343394,-66.107968,Company1
21824,"Bo. Pajonal, Solar en Florida"," $30,000.00 ",0,0.0,0,494,0,Land,6/2/2021,Bo. Pajonal Carretera 641 Km 5.0 Solar 4,Florida,18.38910938,-66.55456522,Company1
21883,"Bo. Peña Pobre, Casa en Naguabo"," $156,000.00 ",3,2.0,1977,4164,1983,Homes,5/25/2021,Carr 31 Km 11.8 Bo. Peña Pobre,Naguabo,18.21415582,-65.80713364,Company1
21899,"Bo. Pueblo, Casa en Santa Isabel"," $55,000.00 ",3,2.0,1166,714,1980,Homes,9/30/2021,#54 Calle Celis Aguilera Pueblo,Santa Isabel,17.9729,-66.4077,Company1
21937,"Bo. Piletas, Casa en Lares"," $69,000.00 ",3,2.0,938,401,1993,Homes,12/30/2021,Carr 453 Km 5.5 Int. Lote A Bo. Piletas,Lares,18.32809136,-66.88627943,Company1
22076,"Bo. Dominguito, Arecibo"," $142,000.00 ",5,2.0,2058,1991,1992,Homes,6/21/2021,SR-651 Km 4.5 Barrio Dominguito,Arecibo,18.42599272,-66.7475876,Company1
22153,"Urb. Jardines De Betania, Solar en Arecibo"," $60,000.00 ",0,0.0,0,2887,0,Land,7/10/2021,Urb. Jardines De Betania Solar #3 Calle Ceiba,Arecibo,18.4429424,-66.6061961,Company1
22161,"Bo. Paso Seco, Terreno en Santa Isabel"," $262,500.00 ",0,0.0,0,1278,0,Land,8/31/2022,Carr 545 int Parcela #23 Bo Paso Seco,Santa Isabel,18.01420663,-66.40433567,Company1
22236,"Bo. Barahona, Terreno en Morovis"," $225,000.00 ",0,0.0,0,34565,0,Land,7/14/2021,PR 155 Km Bo. Barahona,Morovis,18.3585786,-66.4354685,Company1
22352,"Bo. Villalba Arriba, Local Comercial en Villalba"," $105,000.00 ",2,1.0,17290,1891,1970,Commercial,1/31/2022,Lot 14-A Calle Luchetti Bo. Villalba Arriba,Villalba,18.13114179,-66.49032803,Company1
22416,"URB. MANSIONES DE TERRA LINDA, TERRENO EN LUQUILLO"," $50,500.00 ",0,0.0,0,1013,0,Land,8/13/2021,MANSIONES DE TERRALINDA PR 991 KM2.1 LOTE #16,Luquillo,18.355478,-65.727881,Company1
22417,"URB. MANSIONES DE TERRA LINDA, TERRENO EN LUQUILLO"," $65,000.00 ",0,0.0,0,1116,0,Land,8/13/2021,URB. MANSIONES DE TERRALINDA PR 991 KM 2.1 LOTE #17,Luquillo,18.355478,-65.727881,Company1
22423,"URB. MANSIONES DE TERRA LINDA, TERRENO EN LUQUILLO"," $55,500.00 ",0,0.0,0,1064,0,Land,8/13/2021,MANSIONES DE TERRALINDA PR 991 KM 2.1 LOTE #24,Luquillo,18.355478,-65.727881,Company1
22432,"Bo. Vayas, Terreno en Ponce"," $290,000.00 ",0,0.0,0,285523,0,Land,12/31/2021,Carr 1 Km 0.7 Int. Lote # D Bo. Vayas,Ponce,17.97615405,-66.58425404,Company1
22524,"Bo. Pueblo, Casa en Rio Grande"," $110,000.00 ",6,2.0,9005,470,2000,Multi-Family Homes,1/5/2023,Calle Providencia #25 Rio Grande Pueblo,Rio Grande,18.38101,-65.82917,Company1
22574,"Bo. Pozas, Finca Ciales"," $255,000.00 ",0,0.0,0,203397,0,Land,8/22/2021,Bo. Pozas (#finca 7085 y 2388) Carr 615  Km 7.1 sector Camino El Cedro,Ciales,18.2688256,-66.4638952,Company1
22645,"Urb. Colinas De Monte Carlo, Casa en San Juan"," $185,000.00 ",4,2.0,1360,322,1976,Homes,3/3/2023,Urb. Colinas de Montecarlo Calle 44 H4,San Juan - Rio Piedras,18.382044,-66.010429,Company5
22728,"Bo. Guaniquilla, Casa en Cabo Rojo"," $3,000,000.00 ",6,6.0,8000,31561,1988,Homes,9/24/2021,Residencia Barrio Guaniquilla Sector Lamela,Cabo Rojo,18.06185,-67.192078,Company1
22737,"Bo. Pitahaya, Casa en Arroyo"," $39,000.00 ",3,1.0,870,674,1975,Homes,1/31/2022,Carr 3 Ramal 751 Km 0.2 Lot 4 Bo. Pitahaya,Arroyo,17.9969,-66.0622,Company1
22809,"Bo. Minillas, Terreno en San German"," $229,000.00 ",0,0.0,0,287989,0,Land,8/31/2021,Carr 2 km 179 Bo. Minillas,San German,18.08368659,-66.98729078,Company1
22890,"Urb. Santa Juanita, Local Comercial en Bayamon"," $349,000.00 ",0,3.0,3000,365,1965,Commercial,10/12/2021,BB-32 Ave. Santa Juanita,Bayamon,18.36900375,-66.16506796,Company3
22919,"Urb. Brisas Del Yunque, Solar en Canovanas"," $120,000.00 ",0,0.0,0,2451,0,Land,10/13/2021,Solar #27 Urb. Brisas de Yunque Carr 186 Cubuy,Canovanas,18.2822,-65.8667,Company3
22954,"Bo. Espino, Solar en San Lorenzo"," $90,000.00 ",0,0.0,0,13048,0,Land,10/12/2021,Bo. Espino Solar 8 Carr. 745 Km. HM 3.8,San Lorenzo,18.13691839,-66.0168061,Company1
22961,"Bo. Mamey, Propiedad Comercial en Patillas"," $1,300,000.00 ",4,3.0,4230,20870,2000,Commercial,10/18/2021,KM. HM 7. 8 Carr 757 Bo. Mamey,Patillas,18.023997,-65.993402,Company1
22971,"Bo. Sabana Hoyos, Solar en Arecibo"," $49,000.00 ",0,0.0,0,1457,0,Land,10/20/2021,"Solar en Carr. 628 Sector Montaña, Barrio Sabana Hoyos",Arecibo,18.362198,-66.594964,Company1
22972,"Urb. Levittown Lakes, Casa en Toa Baja"," $300,000.00 ",5,6.0,3000,405,1987,Homes,10/20/2021,X1750 Paseo Darsena Urb Levittown Lakes,Toa Baja,18.453029,-66.183375,Company1
22983,"Bo. Miradero, Hacienda en Cabo Rojo"," $2,500,000.00 ",6,8.0,10244,39062,2014,Homes,10/17/2021,KM HM 7.2 Carr 308 Bo. Miradero Puerto Real,Cabo Rojo,18.091752,-67.176093,Company1
23058,"Urb. Valle Escondido, Casa en Guaynabo"," $1,550,000.00 ",9,3.5,4732,2000,2004,Homes,10/25/2021,Calle 3 C-28 Urb. Valle Escondido,Guaynabo,18.302342,-66.115594,Company3
23094,"BO. PUEBLO, LOCAL COMERCIAL EN LARES"," $300,000.00 ",0,4.0,5000,300,2001,Commercial,10/23/2021,CALLE SAN JOSE #15 BO. PUEBLO,Lares,18.29622995,-66.8770297,Company1
23157,"Bo. Canovanillas, Terreno en Carolina"," $700,000.00 ",0,0.0,0,3512,0,Land,11/4/2021,KM HM 11 Carr #3 Bo. Canovanillas,Carolina,18.375464,-65.945913,Company1
23159,"Bo. Cañaboncito, Terreno en Caguas"," $60,000.00 ",0,0.0,0,1119,0,Land,11/11/2021,Cañaboncito Ward Lote 5,Caguas,18.20295141,-66.11043003,Company1
23163,"BO. PALMAREJO, CASA EN LAJAS"," $140,000.00 ",3,2.0,1200,523,1996,Homes,9/24/2021,BO PALMAREJO COM. LOS OLIVARES CALLE LAS ROSAS #30,Lajas,18.00477307,-67.07156791,Company1
23224,"Bo. Campo Alegre, Casa en Utuado"," $219,900.00 ",4,2.0,1100,8332,1985,Homes,11/9/2021,Carr 111 K0 H4 KM .4 Int Campo Alegre,Utuado,18.269653,-66.703399,Company1
23333,"Bo. Calabazas, Casa en San Sebastian"," $63,000.00 ",8,3.0,2250,3932,1985,Homes,11/30/2021,Carr 433 Km 1.9 Lot 1 Bo. Calabazas,San Sebastian,18.2857,-66.9624,Company1
23394,"Bo. Pueblo, Casa en Gurabo"," $49,000.00 ",2,1.0,1083,215,1975,Homes,11/30/2021,# 104 Calle Juan Ramon Quiñones,Gurabo,18.253417,-65.971935,Company1
23456,"Bo. Lomas, Terrenos en Juana Diaz"," $155,000.00 ",0,0.0,0,23716,0,Land,12/26/2021,Finca Carr 570 y Carr 149 Solares 4 y 5 Bo. Lomas,Juana Diaz,18.0643115,-66.5023088,Company1
23475,"Bo. Los Ausubos, Terreno en Ponce"," $90,000.00 ",0,0.0,0,2170,0,Land,12/23/2021,Carr 139 Km 3.4 Bo Los Ausubos,Ponce,18.040901,-66.603373,Company1
23506,"Sector Rio Piedras, Terreno en San Juan"," $1,382,000.00 ",0,0.0,0,3635,0,Land,1/4/2022,Lote 485 Ave. De Diego,San Juan - Rio Piedras,18.39819296,-66.0331097,Company1
23528,"Bo. Buena Vista, Casa en Cayey"," $170,000.00 ",7,4.0,3642,900,2004,Multi-Family Homes,12/21/2021,Bo. Buena Vista Sector Campito Carr 14 Ramal 730 Km 5.4,Cayey,18.119056,-66.185444,Company1
23552,"Bo. Dajaos, Casa en Bayamon"," $100,000.00 ",2,1.0,2704,1553,2015,Homes,1/9/2022,Carr 8829 Km 1.9 Sector Monchito de Jesus del Barrio Dajaos,Bayamon,18.3055167,-66.17631,Company3
23979,"Cond. Condesa Del Mar, Apartamento en Carolina"," $619,000.00 ",2,3.0,1445,134,1968,Apartment,1/14/2022,3103 Ave Isla Verde Cond Condesa del Mar apt 702,Carolina - Isla Verde,18.4491,-66.0365,Company1
23995,"Bo. Sabana Yeguas, Finca en Lajas"," $195,000.00 ",0,0.0,0,11939,0,Land,1/12/2022,Carr 315 km 0.65 Sector Piedras Blancas Bo Sabana Yeguas,Lajas,18.04662847,-67.06233421,Company1
24109,"BO. MORA, CASA EN ISABELA"," $375,000.00 ",5,3.0,3000,2041,2000,Homes,1/19/2022,BO MORA CALLE GUERRERO 4,Isabela,18.470319,-67.028199,Company1
24276,"Bo. Honduras, Finca en Barranquitas"," $200,000.00 ",0,0.0,0,208310,0,Land,1/30/2022,Carr 7174 Km 3.1 Bo Honduras,Barranquitas,18.178885,-66.25428,Company3
24292,"Bo. Cedro Arriba, Terreno en Naranjito"," $250,000.00 ",0,0.0,0,91318,0,Land,1/17/2022,Carr. 152 KM 15.6 Bo. Cedro Arriba,Naranjito,18.276095,-66.275574,Company1
24293,"Bo. Pajaros, Propiedad Comercial en Toa Baja"," $295,000.00 ",5,5.0,9719,902,1970,Commercial,1/28/2022,Carr 819 Km 0 Hm 6 Pajaros,Toa Baja,18.3953313,-66.2127087,Company1
24385,"BO. PALMAREJO, CASA EN VILLALBA"," $160,000.00 ",6,3.0,1943,7074,1971,Homes,1/28/2022,BO. PALMAREJO CARR 149 KM. HM 536.0,Villalba,18.138995,-66.49806,Company1
24538,"Bo. Corcovado, Solar en Hatillo"," $65,000.00 ",0,0.0,0,933,0,Land,2/1/2022,Carr 490 Km 3.7 Bo. Corcovado,Hatillo,18.447327,-66.775078,Company1
24846,"Bo. Jauca, Finca en Santa Isabel"," $405,000.00 ",0,0.0,0,76162,0,Land,2/16/2022,Carr. #1 Km 95.6 Bo. Jauca Finca A,Santa Isabel,17.978552,-66.342464,Company1
24848,"Bo. Jauca, Terreno en Santa Isabel"," $405,000.00 ",0,0.0,0,76162,0,Land,2/16/2022,Carr. #1 Km 95.6 Bo. Jauca Finca B,Santa Isabel,17.978552,-66.342464,Company1
24861,"Urb. Hacienda San Jose, Casa en Caguas"," $675,000.00 ",4,5.0,3311,554,2002,Homes,2/28/2022,Urb. Hacienda San Jose Cautiva 90,Caguas,18.24426603,-66.07396434,Company1
24896,"Bo. Guavate, Terreno en Cayey"," $300,000.00 ",0,0.0,0,20423,0,Land,2/28/2022,Carr 184 Km 27.6 Villas de Guavate Parcela 22 Bo. Guavate,Cayey,18.140784,-66.092343,Company1
24911,"Bo. Mabú, Casa en Humacao"," $44,000.00 ",4,2.0,1443,213,1990,Homes,2/28/2022,# 68 Calle Jose Diaz Comm Obrera Bo. Mabú,Humacao,18.15472436,-65.83234764,Company1
24970,"Bo. Montaña, Solar en Aguadilla"," $595,000.00 ",0,0.0,0,7641,0,Land,2/19/2022,Bo Montaña CARR 110 KM.HM 6.4 San Antonio,Aguadilla,18.497314,-67.100282,Company1
25001,"Comunidad Pueblo Indio, Casa en Canovanas"," $25,000.00 ",1,1.0,586,748,1980,Homes,2/28/2022,Lote # 230 Carr 8874 Comm Pueblo Indio,Canovanas,18.39968047,-65.91423759,Company1
25015,"Bo. Victoria, Edificio en Aguadilla"," $375,000.00 ",5,5.0,3000,1900,1982,Commercial,3/2/2022,Bo Victoria Edificio #302,Aguadilla,18.4122475,-67.153872,Company1
25019,"Urb. Mendoza, Casa en Mayaguez"," $235,000.00 ",4,4.0,2700,904,1980,Homes,2/28/2022,Urb Mendoza Calle C #15 Bo Miradero,Mayaguez,18.233774,-67.133917,Company1
25043,"Bo. Pueblo, Local Comercial en Ceiba"," $110,000.00 ",0,2.0,1300,312,1960,Commercial,3/15/2022,Avenida Lauro Piñero 280,Ceiba,18.263,-65.648,Company1
25070,"Bo. Caimito, Terreno en San Juan"," $195,000.00 ",0,0.0,0,4896,0,Land,4/13/2022,Bo Caimito Lote 26 Camino Los Romeros,San Juan - Rio Piedras,18.3372193,-66.0637267,Company3
25075,"Bo. Leguizamo, Casa en Mayagüez"," $650,000.00 ",9,7.5,3709,1868,1976,Multi-Family Homes,3/3/2022,Bo. Leguizamo Carr 108 Camino Cesar Gomez Km 105,Mayaguez,18.248024,-67.095909,Company1
25087,"Urb. Haciendas De Tortuguero, Solar en Vega Baja"," $99,000.00 ",0,0.0,0,1467,0,Land,3/15/2022,Haciendas de Tortuguero Lote 2,Vega Baja,18.462667,-66.420879,Company3
25096,"Urb. Salinas Providencia, Casa en Guanica"," $205,000.00 ",3,3.0,976,735,1980,Homes,3/4/2022,60-A Salinas Providencia,Guanica,17.936204,-66.954326,Company1
25150,"Urb. San Agustin, Solar en San Juan"," $299,000.00 ",0,0.0,0,10600,0,Land,3/31/2022,Carr 181 km 65.0 Urb San Agustin (RP),San Juan - Rio Piedras,18.391831,-66.031355,Company3
25188,"Cond. Harbour Point, Apartamento en Humacao"," $460,000.00 ",3,2.0,1784,27,2004,Apartment,4/5/2022,Cond. Harbour Point Apt B-302 Palmas del Mar,Humacao - Palmas Del Mar,18.08656,-65.80412,Company1
25198,"Bo. Algarrobo, Solar en Vega Baja"," $340,000.00 ",0,0.0,0,5649,0,Land,3/30/2022,Carr #2 KM 43.60 Bo. Algarrobo Solar #1 Finca #11933 F 265 T. 208 R.P,Vega Baja,18.44495297,-66.40522225,Company1
25206,"Bo. Quebrada Arena, Casa en Toa Alta"," $115,000.00 ",2,2.0,1500,2000,1995,Homes,4/9/2022,Bo Quebrada Arena Carr 165 Solar 5,Toa Alta,18.348018,-66.278704,Company3
25217,"Bo. Helechal, Finca en Barranquitas"," $79,500.00 ",0,0.0,0,10356,0,Land,4/11/2022,Lot 4 PR 143 (Int) Helechal Ward,Barranquitas,18.17581468,-66.32659893,Company1
25235,"Bo. San Isidro, Casa en Canovanas"," $101,000.00 ",4,1.0,783,534,1978,Homes,3/14/2022,458 CALLE 19 Comm SAN ISIDRO,Canovanas,18.3914608,-65.8800322,Company1
25246,"Bo. Coto Norte, Casa en Manati"," $375,000.00 ",3,2.0,1485,9394,1990,Homes,4/1/2022,Carr 686 Km 0.2 Barrio Coto Norte Sector Guayaney,Manati,18.44431483,-66.45976257,Company1
25275,"Bo. Vallas Torres, Terreno en Ponce"," $1,300,000.00 ",0,0.0,0,49129,0,Land,4/1/2022,Lot 3-A Vallas Torres Road Vallas Torres Sector,Ponce,17.99606463,-66.57774596,Company1
25315,"Bo. Pueblo, Casa en Mayaguez"," $210,000.00 ",4,2.0,1200,250,1990,Homes,3/30/2022,#70 Calle Santa Isabel,Mayaguez,18.20111707,-67.14262323,Company1
25341,"Bo. Mora, Casa en Isabela"," $375,000.00 ",6,4.0,2500,600,1982,Multi-Family Homes,4/25/2022,Carr #2 int 831 Calle Kuwait Sect. Jabillo Bo Mora,Isabela,18.47429,-67.017967,Company2
25354,"Bo. Mora, Casa en Isabela"," $490,000.00 ",5,3.0,2190,550,1995,Homes,3/3/2022,Calle Venus 1011,Isabela,18.495385,-67.020276,Company1
25387,"Bo. Cayaguas, Terreno en San Lorenzo"," $55,000.00 ",0,0.0,0,1000,0,Land,5/2/2022,Bo Cayaguas Ramal 9911,San Lorenzo,18.15184,-65.95829,Company3
25417,"Urb. Las Lomas, Casa en San Juan"," $140,000.00 ",3,1.0,2787,259,1956,Homes,2/24/2022,Urb Las Lomas Calle 30 SO 1662,San Juan - Rio Piedras,18.3938871,-66.0923681,Company1
25461,"Bo. Cedro Arriba, Finca en Naranjito"," $220,000.00 ",0,0.0,0,97501,0,Land,5/17/2022,Carretera 809 Km 3.6 interior Sector Santa Teresita #4 Bo Cedro Arriba,Naranjito,18.2538898,-66.2670442,Company3
25462,"Bo. Santa Rosa, Local Comercial en Lajas"," $275,000.00 ",6,2.0,2880,4061,1982,Commercial,4/21/2022,Bo. Santa Rosa Carr. 117 Km 2.6,Lajas,18.05,-67.033,Company1
25464,"Bo. Manzanilla, Casa en Juana Diaz"," $59,000.00 ",3,1.0,936,299,1990,Homes,4/30/2022,BO MANZANILLA 2000016192,Juana Diaz,17.97606305,-66.5358778,Company1
25471,"Urb. Paseo Del Sol, Casa en Dorado"," $800,000.00 ",4,3.5,2350,504,2000,Homes,5/6/2022,J-20 #216 Calle Metis Urb. Paseo Del Sol,Dorado,18.4596042,-66.2892686,Company1
25472,"Cond. El Girasol, Apartamento en Carolina"," $236,000.00 ",0,1.0,360,33,1972,Apartment,5/20/2022,4837 Ave Isla Verde Apt 208 Cond El Girasol,Carolina - Isla Verde,18.4437281,-66.0267243,Company1
25483,"Urb. Mansiones De Terralinda, Terreno en Luquillo"," $60,500.00 ",0,0.0,0,1043,0,Land,5/18/2022,Mansiones de Terralinda Lote 7,Luquillo,18.3554,-65.7278,Company1
25496,"Bo. Caimito, Casa en San Juan"," $245,000.00 ",4,2.5,2150,697,1957,Homes,4/30/2022,Bo Caimito Camino Pablo Diaz,San Juan - Rio Piedras,18.322525,-66.0682,Company1
25498,"Calle De Diego, Comercial En San Juan"," $500,000.00 ",8,4.5,6900,1195,1960,Commercial,5/4/2022,40-41 Calle de Diego,San Juan - Rio Piedras,18.39730435,-66.03016238,Company1
25504,"Bo. Zarzal, Terreno en Rio Grande"," $500,000.00 ",0,0.0,0,42840,0,Land,4/5/2022,Bo. Zarzal Carr 955 KM 1.4,Rio Grande,18.367108,-65.78659,Company1
25520,"Urb. Kennedy Hills, Casa en Trujillo Alto"," $280,000.00 ",8,4.0,1940,6127,1991,Homes,5/26/2022,PR 181 Lote A-2 Calle 1 Kennedy Hills,Trujillo Alto,18.32638,-65.98625,Company1
25521,"Bo. Guasimas, Terreno en Arroyo"," $2,000,000.00 ",0,0.0,0,44215,0,Land,5/24/2022,PR 178 KM 2.6 BO. GUASIMAS,Arroyo,17.971364,-66.068612,Company1
25524,"Bo. Arenales, Solar en Isabela"," $99,000.00 ",0,0.0,0,3930,0,Land,5/5/2022,Bo Arenales Carr 4494,Isabela,18.46371942,-67.02272673,Company1
25531,"Bo. Carrizales, Terreno en Hatillo"," $4,500,000.00 ",0,0.0,0,35374,0,Land,4/18/2022,Carr Num 2 Km. 83.1 Bo. Carrizales,Hatillo,18.488285,-66.780194,Company1
25544,"Bo. Carrizales, Terreno en Hatillo"," $9,000,000.00 ",0,0.0,0,141494,0,Land,5/24/2022,Carr Num 2 Km 83.1 Bo. Carrizales (36 Cuerdas/ 34 Acre),Hatillo,18.482978,-66.780094,Company1
25545,"Bo. Carrizales, Terreno en Hatillo"," $2,200,000.00 ",0,0.0,0,54357,0,Land,5/24/2022,Carr Num 2 Km 83.1 Bo. Carrizales (11 cuerdas),Hatillo,18.480422,-66.778,Company1
25585,"Bo. Callejones, Terreno en Lares"," $49,900.00 ",0,0.0,0,1469,0,Land,5/30/2022,Bo. Callejones Carr 129 Int Km 20.9,Lares,18.33541,-66.82808,Company1
25589,"Bo. Palmas, Terreno en Cataño"," $795,000.00 ",0,0.0,0,7700,0,Land,6/3/2022,Bo Palmas Boulevard Las Palmas,Cataño,18.44689,-66.14627,Company3
25605,"Bo. Aibonito Guerrero, Finca en San Sebastian"," $250,000.00 ",0,0.0,0,31050,0,Land,6/8/2022,Carr 447 km 2.7 Bo Aibonito Guerrero,San Sebastian,18.370843,-66.95628,Company1
25616,"Bo. Carrizales, Terreno en Hatillo"," $2,300,000.00 ",0,0.0,0,30218,0,Land,6/2/2022,Bo Carrizales Finca #4842,Hatillo,18.4878175,-66.77735953,Company1
25713,"Bo. Cibao, Terrenos en San Sebastian"," $130,000.00 ",0,0.0,0,19888,0,Land,6/9/2022,Carr 451 Km 4.2 Bo Cibao Sector Abrahonda,San Sebastian,18.33004745,-66.90346295,Company1
25727,"Bo. Cedro Arriba, Solar en Naranjito"," $55,000.00 ",0,0.0,0,5400,0,Land,6/12/2022,Carr 809 Km 1.9 Barrio Cedro Arriba,Naranjito,18.2650922,-66.2617815,Company3
25743,"Cond. Aquabella, Apartamento en Humacao"," $595,000.00 ",3,3.0,2988,239,2005,Apartment,11/19/2022,Aquabella #88 Calle Amalfi,Humacao - Palmas Del Mar,18.08689584,-65.8030555,Company1
25768,"Bo. Mora, Casa en Isabela"," $590,000.00 ",8,4.0,3350,400,2001,Homes,6/7/2022,Calle Dr. Pedro Hernandez Edif 46 Bo. Mora,Isabela,18.4922334,-67.009319,Company1
25778,"Bo. Bayaney, Casa en Hatillo"," $230,000.00 ",8,3.0,2800,730,1992,Multi-Family Homes,6/14/2022,Comunidad Candelaria Barrio Bayaney Parcela 239,Hatillo,18.359709,-66.805307,Company1
25851,"Urb. Sagrado Corazón, Casa en San Juan"," $390,000.00 ",6,5.0,3225,660,1970,Homes,7/31/2022,Solar 26 Bloque K 1638 Urb SAGRADO CORAZON Bo Cupey,San Juan - Rio Piedras,18.37625475,-66.05316847,Company1
25882,"Urb. Stella, Solar en Guayanilla"," $50,000.00 ",0,0.0,0,1000,0,Land,6/14/2022,Urb Stella Calle B Solar 30,Guayanilla,18.018,-66.78,Company4
25883,"Bo. Guzman Abajo, Casa en Rio Grande"," $75,000.00 ",3,1.0,719,241,1980,Homes,5/31/2022,Solar #35 Calle 1 Bo Guzman Abajo,Rio Grande,18.37882976,-65.83119991,Company1
25994,"Urb. Reparto Metropolitano, Casa en San Juan"," $125,000.00 ",3,2.0,839,262,1964,Homes,6/20/2022,Calle 25 SE #952 Urb. Reparto Metropolitano,San Juan - Rio Piedras,18.3992,-66.0794,Company1
26013,"Bo. Montalva, Terreno en Guánica"," $125,000.00 ",0,0.0,0,2333,0,Land,5/13/2022,Barrio Montalva Solar 7 carr 116 km 17.0,Guanica,17.985815,-66.95688,Company1
26017,"Urb. Reparto Saman, Casa en Cabo Rojo"," $375,000.00 ",4,3.5,2200,630,2006,Homes,6/16/2022,Calle 19 8816 Reparto Saman,Cabo Rojo,18.01934655,-67.14229247,Company1
26077,"Urb. Ext Vista Alegre, Casa en Villalba"," $395,000.00 ",4,4.0,3100,2374,1996,Homes,6/24/2022,12862 Ext De Vista Alegre,Villalba,18.135782,-66.47962,Company1
26085,"Bo. Dulces Labios, Apartamentos Residenciales en Mayaguez"," $149,900.00 ",2,4.0,2500,109,1980,Commercial,6/25/2022,Comunidad Dulces Labios Calle Carmelo Martinez # 72,Mayaguez,18.203456,-67.146332,Company1
26088,"Bo. Bejucos, Casa en Isabela"," $297,000.00 ",6,4.0,3152,343,2002,Homes,6/24/2022,Bo Bejucos 6 Calle Jireth Pueblo,Isabela,18.4990014,-67.0199875,Company1
26107,"Cond. Ciudadela, Apartamento en San Juan"," $545,000.00 ",2,2.0,1066,99,2013,Apartment,6/3/2022,1511 Ave Ponce de Leon Cond Paseo Central 400 Ciudadela apt 443,San Juan - Santurce,18.44605617,-66.06658024,Company1
26120,"Bo. Pastos, Terreno en Aibonito"," $100,000.00 ",0,0.0,0,10455,0,Land,6/18/2022,Bo. Pastos Calle Rius Rivera,Aibonito,18.1342,-66.266273,Company1
26225,"Bo. Pueblo, Apartamentos en Guayama"," $102,500.00 ",6,4.0,2699,234,1964,Apartment,5/28/2022,Calle San Jose sector Pueblo Guayama,Guayama,17.983143,-66.116373,Company1
26310,"Bo. Pinales, Edificio de Apartamentos en Añasco"," $350,000.00 ",8,8.0,4000,886,2002,Commercial,5/10/2022,Carr 402 KM 5.0 Bo Pinales,Añasco,18.30257213,-67.16769859,Company1
26337,"Quintas De Culebra, Casa en Culebra"," $4,200,000.00 ",5,5.5,14961,4493,2012,Homes,7/5/2022,"#9 Quintas de Culebra, Calle William Font",Culebra,18.30568,-65.3103,Company1
26520,"Sector Las Croabas, Casa en Fajardo"," $995,000.00 ",4,5.0,3954,903,1997,Homes,7/14/2022,SR 987 Lot 1 Cabezas Ward Las Croabas,Fajardo,18.36461,-65.62838,Company1
26588,"Bo. Buena Vista, Casa en Humacao"," $450,000.00 ",3,2.0,2300,10219,2006,Homes,7/18/2022,Carretera 923 Km 3 Bo Buena Vista,Humacao,18.116931,-65.802805,Company1
26620,"Bo. Anones, Terreno en Las Marias"," $50,000.00 ",0,0.0,0,37837,0,Land,7/15/2022,Carr 4406 Km 3.2 Bo. Anones,Las Marias,18.250269,-67.0327874,Company1
26662,"Bo. Guatemala, Casa en San Sebastian"," $79,000.00 ",4,2.0,1123,533,1990,Homes,6/30/2022,Carr 445 Km 0.6 Bo Guatemala,San Sebastian,18.353898,-67.003,Company1
26668,"Urb. Granada Hills, Casa en Ponce"," $370,000.00 ",4,2.5,1971,2400,1977,Homes,7/6/2022,Urb Granada Hills Calle 1 5B,Ponce,18.0452,-66.6437,Company1
26682,"Bo. Pinales, Local Comercial en Añasco"," $200,000.00 ",0,2.0,2300,1500,2002,Commercial,5/10/2022,CARR 402 KM 5.0 BO PINALES,Añasco,18.30271507,-67.16707515,Company1
26789,"Bo. Rio Grande, Solar en Aguada"," $268,200.00 ",0,0.0,0,607,0,Land,7/4/2022,Bo Rio Grande Solar 5,Aguada,18.377,-67.225,Company1
26819,"Bo. Santa Cruz, Terreno en Carolina"," $1,600,000.00 ",0,0.0,0,83009,0,Land,7/27/2022,Rancho Duina Bo Santa Cruz Carr #859 Km 2.9,Carolina,18.347366,-65.938217,Company1
26835,"Bo. Miraflores, Casa en Arecibo"," $78,000.00 ",3,2.0,1200,650,2013,Homes,7/27/2022,Carr 663 Bo Miraflores,Arecibo,18.40939502,-66.63116628,Company1
26910,"Bo. Limón, Terreno en Mayaguez"," $85,000.00 ",0,0.0,0,8568,0,Land,7/6/2022,Bo Limon Carr. 105 Km hm 2.2,Mayaguez,18.194354,-67.117303,Company1
26926,"Urb. San Jose, Casa en San Juan"," $69,000.00 ",7,3.0,1523,164,1973,Multi-Family Homes,6/30/2022,Urb San Jose 255 Calle Caonilla,San Juan - Rio Piedras,18.42538228,-66.03753517,Company1
27067,"Urb. Estancias Del Verde, Solar en Rio Grande"," $84,500.00 ",0,0.0,0,1488,0,Land,8/3/2022,#71 Calle 3 Estancias del Verde,Rio Grande,18.362162,-65.821987,Company1
27090,"Urb. Caparra Terrace, Casa en San Juan"," $170,000.00 ",9,3.0,2067,238,1964,Multi-Family Homes,8/8/2022,CAPARRA TERRACE 1267 CALLE CERDEÑA,San Juan - Rio Piedras,18.40440904,-66.086479,Company1
27098,"Bo. Pueblo, Casa Corozal"," $130,000.00 ",7,3.0,1575,913,1970,Multi-Family Homes,7/21/2022,Bo Pueblo Carr 159 KM 6.2,Corozal,18.340455,-66.314521,Company1
27149,Urb. Alta Paz," $379,000.00 ",4,2.5,2450,610,2002,Homes,8/4/2022,CALLE PACIFICA,Gurabo,18.25197,-66.00535,Company3
27156,"Bo. Galateo Bajo, Terreno en Isabela"," $160,000.00 ",0,0.0,0,2675,0,Land,8/8/2022,Bo Galateo Bajo Carr 4474,Isabela,18.4660541,-66.996668,Company1
27536,"Bo. Jobos, Terreno en Guayama"," $150,000.00 ",0,0.0,0,10428,0,Land,5/5/2022,Bo. Jobos Carr 3 KM 144.9 Bo Pozo Hondo,Guayama,17.983,-66.182,Company1
27550,"Calle Arzuaga, Local Comercial en San Juan"," $360,000.00 ",10,2.5,3006,462,1952,Commercial,7/8/2022,Calle Arzuaga 212,San Juan - Rio Piedras,18.397487,-66.044935,Company1
27565,"Bo. La Caleta De Salinas, Casa en Guanica"," $319,000.00 ",3,2.0,1000,413,1985,Homes,8/12/2022,La Caleta Salinas Calle 1 709 Calle Marina,Guanica,17.9351417,-66.9543418,Company1
27576,"Bo. Ancones, Casa en Arroyo"," $280,000.00 ",3,3.0,2520,2000,2000,Homes,8/15/2022,Bo. Ancones Carr 755 Km 0.6 Solar 2,Arroyo,17.994207,-66.0483073,Company1
27605,"Cond. Aquablue, Apartamento en San Juan"," $875,000.00 ",3,2.5,2290,212,2010,Apartment,7/25/2022,Cond Aquablue at The Golden Mile Apt 2904 Ave Luis Muño Rivera #48,San Juan - Hato Rey,18.431658,-66.062524,Company3
27607,"Bo. Montalva, Terreno en Guánica"," $80,000.00 ",0,0.0,0,2693,0,Land,4/1/2022,Bo. Montalva Carr 116 KM 17.5 Lote 10,Guanica,17.978878,-66.950433,Company1
27654,"Bo. Vegas, Terreno en Cayey"," $350,000.00 ",0,0.0,0,2064,0,Land,8/6/2022,Carr 1 Km 0.4 Calle Genaro Torrent Bo Vegas,Cayey,18.1332102,-66.128724,Company1
27677,"Urb. Las Estancias, Casa en Rio Grande"," $17,000,000.00 ",6,7.0,6148,2607,2011,Homes,8/10/2022,Las Estancias #6 St. Regis Bahia Beach Resort,Rio Grande,18.41202927,-65.81923676,Company1
27687,"Bo. Beatriz, Local Comercial en Cidra"," $500,000.00 ",0,2.0,2862,802,2000,Commercial,8/12/2022,Lot 95 PR 1 KM 52.1 BO BEATRIZ,Cidra,18.1423,-66.1141,Company1
27698,"Bo. Valenciano Abajo, Terreno en Juncos"," $250,000.00 ",0,0.0,0,19651,0,Land,8/3/2022,SR 163 Km 12.0 Valenciano Abajo,Juncos,18.177269,-65.925674,Company3
27737,"Urb. Villas Del Rey, Casa en Rio Grande"," $460,000.00 ",5,5.0,2650,4000,2000,Homes,8/24/2022,Urb Villas del Rey # 24,Rio Grande,18.36354757,-65.77895061,Company3
27772,"Cond. Jardines De Valencia, Apartamento en San Juan"," $95,000.00 ",2,1.0,811,75,1973,Apartment,8/25/2022,Cond Coop Jardines de Valencia 631 Calle Pereira Leal Apt 816,San Juan - Rio Piedras,18.41088394,-66.04054631,Company1
27786,"Bo. Aguacate, Casa en Yabucoa"," $395,000.00 ",8,5.0,5795,1965,1979,Homes,8/8/2022,SR 903 Km 89.0 Int Aguacate Wd,Yabucoa,18.0957,-65.8427,Company1
27809,"Cond. Murano Luxury, Apartamento en Guaynabo"," $995,000.00 ",4,3.5,4026,374,2004,Apartment,8/29/2022,Condominio Murano Luxury Apartments apt 4A-6,Guaynabo,18.36539,-66.12739,Company1
27812,"Bo. Caguitas, Casa en Aguas Buenas"," $140,000.00 ",5,5.0,2600,319,1972,Homes,8/25/2022,Carr 156 km 51.4 Bo. Caguitas,Aguas Buenas,18.25487878,-66.09998583,Company1
27814,"Urb. Santa Marta, Casa en San German"," $163,000.00 ",7,6.0,3803,378,1970,Homes,8/17/2022,URB SANTA MARTA CALLE E-C 3,San German,18.07992529,-67.02945317,Company1
27834,"Bo. Mariana, Terreno en Humacao"," $119,000.00 ",0,0.0,0,12681,0,Land,8/29/2022,BO Mariana lote #4,Humacao,18.126,-65.859,Company1
27850,"Cond. Santa Cruz, Oficina Medica en Bayamón"," $95,000.00 ",0,1.0,764,71,1986,Commercial,7/31/2022,Ofic 402 Piso 4 Cond Medico Santa Cruz Calle Santa Cruz 73 Juan Sanchez,Bayamon,18.39701309,-66.1493168,Company1
27856,"Bo. Candelaria, Proyecto Residencial en Lajas"," $975,000.00 ",0,0.0,0,44805,0,Land,8/10/2022,Bo. Candelaria Urb Estancias Monte Bello Carr. 101 Km 6.0,Lajas,18.05210661,-67.06369604,Company1
27870,"Bo. Borinquen, Casa en Caguas"," $65,000.00 ",5,2.0,1275,376,1990,Multi-Family Homes,7/31/2022,Carr 181 Km 3 Hm 4 Solar 33 Bo Borinquen,Caguas,18.17363429,-66.05334836,Company1
28050,"Bo. Cacao Bajo, Casa en Patillas"," $49,000.00 ",3,2.0,1012,1412,1981,Homes,8/31/2022,Parcela 72 Comm Cacao Bajo Bo Cacao,Patillas,17.99157529,-66.02535539,Company1
28052,"Bo. Caimital, Terreno en Guayama"," $110,000.00 ",0,0.0,0,3885,0,Land,8/31/2022,Bo Caimital Carr 748 Km 24.0,Guayama,17.99356,-66.09686,Company1
28063,"Bo. Collores, Casa en Las Piedras"," $55,000.00 ",3,1.0,577,594,1970,Homes,8/31/2022,Parcela 220D Comm Rural la Fermina Bo Collores,Las Piedras,18.16918323,-65.84557668,Company1
28085,"Urb. San Pedro, Casa en Toa Baja"," $135,000.00 ",5,2.0,3358,312,1959,Multi-Family Homes,8/15/2022,Urb San Pedro 97 Calle Ramon Rivera Cruz,Toa Baja,18.4422665,-66.2518411,Company1
28133,"Bo. Jaguas, Casa en Ciales"," $165,000.00 ",8,5.0,2995,330,1995,Homes,5/9/2022,B 60 Calle Palmer St Bo Jaguas,Ciales,18.3332952,-66.469217,Company1
28139,"Urb. Villa del Rio, Casa en Guayanilla"," $73,000.00 ",3,2.0,1157,169,1975,Homes,8/31/2022,Solar F-22 Calle Los Peces Urbanización Villa del Rio,Guayanilla,18.01529583,-66.78522559,Company1
28175,"Bo. Minillas, Terreno en San German"," $150,000.00 ",0,0.0,0,72572,0,Land,8/24/2022,Bo Minillas Carr 329 km 2.2 Int,San German,18.059282,-66.995726,Company1
28205,"Bo. Guaraguao, Casa en Guaynabo"," $63,000.00 ",4,2.0,1608,1019,1961,Homes,8/31/2022,Parcela 32-B Comunidad Rural Lopez Cases Bo Guaraguao,Guaynabo,18.32320993,-66.1379956,Company1
28215,"Bo. Jobos, Local Comercial en Isabela"," $449,900.00 ",0,2.0,1419,707,1982,Commercial,9/9/2022,Calle 466 Km. 6.1 Jobos,Isabela,18.50629176,-67.07235471,Company2
28235,"Urb. Brisas del Mar, Casa en Luquillo"," $80,000.00 ",4,1.0,844,175,1976,Homes,9/15/2022,"Parcela #5 Bloque ""B"" Urb Brisas del Mar Barrio Sabana",Luquillo,18.3744149,-65.71988855,Company1
28245,"Cond. Mar Azul, Apartamento en Aguada"," $365,000.00 ",3,2.0,1741,161,2008,Apartment,8/31/2022,Apt # 1A-N Condominio Mar Azul Torre Norte Bo Guayabo,Aguada,18.38013412,-67.22032945,Company1
28248,"Bo. Membrillo, Terreno en Camuy"," $285,000.00 ",0,0.0,0,10189164,0,Land,9/14/2022,Bo Membrillo Calle la Ceiba #5 Carr 2,Camuy,18.46673898,-66.86595702,Company1
28254,"Bo. Vivi Arriba, Casa en Utuado"," $65,000.00 ",3,1.0,857,2500,1980,Homes,8/31/2022,Carr 605 Km 2.4 Bo Vivi Arriba del Termino Municipal,Utuado,18.23412962,-66.67858877,Company1
28279,"Bo. Negros, Casa en Corozal"," $60,000.00 ",5,2.0,1260,496,1985,Homes,8/31/2022,Lote 4 Bo Negros PR 907,Corozal,18.290209,-66.321164,Company1
28301,"Urb. Encantada, Casa en Trujillo Alto"," $695,000.00 ",4,3.5,2814,735,1998,Homes,8/15/2022,CO- 11 Corrientes Urb Encantada,Trujillo Alto,18.3557083,-65.9853046,Company1
28327,"Bo. Fortuna, Local Comercial en Luquillo"," $585,000.00 ",0,5.0,4995,683,1997,Commercial,8/28/2022,153 A Fortuna,Luquillo,18.379545,-65.743644,Company1
28387,"Bo. Sabana Hoyos, Solar en Arecibo"," $2,200,000.00 ",0,0.0,0,28259,0,Land,8/19/2022,Solar 11706 Km 62.5 SR-2 Sabana Hoyos Ward,Arecibo,18.43399067,-66.60473723,Company1
28389,"Cond. Atlantis, Apartamento en San Juan"," $990,000.00 ",2,2.0,1126,104,2014,Apartment,9/20/2022,404 Ponce de Leon Ave Atlantis Cond Apt 1804,San Juan - Hato Rey,18.4203769,-66.0564981,Company1
28457,"Bo. Roosevelt, Local Comercial en San Lorenzo"," $148,000.00 ",0,3.0,2035,119,1980,Commercial,9/3/2022,Bda Roosevelt 301 Calle B,San Lorenzo,18.19618,-65.964031,Company1
28476,"Cond. Villas del Mar Beach Resort, Apartamento en Loiza"," $195,000.00 ",2,2.0,1012,94,2005,Apartment,9/30/2022,Apt A-102 Cond Villas del Mar Beach Resort,Loiza,18.43079662,-65.84701782,Company1
28481,"Urb. Villamar, Casa en Carolina"," $850,000.00 ",4,3.0,4844,450,1969,Homes,9/26/2022,Mar de Irlanda #11 Villamar,Carolina - Isla Verde,18.4415617,-66.0298008,Company1
28482,"Bo. Candelaria, Solar en Mayaguez"," $150,000.00 ",0,0.0,0,267,0,Land,9/7/2022,Bo Candelaria Calle Guenard #3A,Mayaguez,18.20355537,-67.14022663,Company1
28483,"Bo. Algarrobo, Solar en Vega Baja"," $304,000.00 ",0,0.0,0,16654,0,Land,8/17/2022,Bo Algarrobo Solar A 2 A,Vega Baja,18.45345966,-66.41126825,Company1
28641,"Urb. Las Mercedes, Casa en Aibonito"," $250,000.00 ",4,3.0,2300,838,1997,Homes,9/21/2022,Urb Las Mercedes #25 CaIIe Las Mercedes,Aibonito,18.1445931,-66.2540555,Company1
28664,"Urb. San Benito, Solar en Humacao"," $45,000.00 ",0,0.0,0,805,0,Land,10/4/2022,K3 Calle 2 San Benito,Humacao,18.15772511,-65.81811398,Company1
28667,"Bo. Rayo, Casa en Sabana Grande"," $230,000.00 ",8,4.0,2852,900,1985,Multi-Family Homes,9/15/2022,CARR 328 BO RAYO GUARAS KM 3.8,Sabana Grande,18.05495,-66.980377,Company1
28730,"Urb. Puerto Nuevo, Casa en San Juan"," $200,000.00 ",7,3.0,3242,301,1982,Multi-Family Homes,10/5/2022,Calle 9 NE 265 Puerto Nuevo,San Juan - Hato Rey,18.41793,-66.085636,Company1
28731,"Bo. Tierras Nuevas, Casa en Manati"," $287,500.00 ",3,2.5,1779,2400,2011,Homes,10/7/2022,Bo Tierras Nuevas Sect Roca Dura Carr 685 Km 1.3,Manati,18.439403,-66.498044,Company1
28737,"Bo. Naranjo, Casa en Comerio"," $75,000.00 ",3,1.0,1040,2082,1980,Homes,9/30/2022,Solar #3 Bo Naranjo Carr 156 Km HM 36.6,Comerio,18.23566255,-66.20507011,Company1
28802,"Cond. San Rafael, Apartamento en San Juan"," $795,000.00 ",3,3.0,1610,149,1960,Apartment,10/15/2022,Cond San Rafael 561 Calle Ensenada Apt. 3A,San Juan - Condado-miramar,18.457061,-66.083282,Company3
28824,"Cond. Marbella Club, Apartamento en Humacao"," $680,000.00 ",2,2.5,1720,159,2004,Apartment,9/30/2022,Apt 425 Cond Marbella Club II Candelero Abajo,Humacao - Palmas Del Mar,18.097053,-65.790701,Company1
28843,"Bo. Cialitos, Casa en Ciales"," $143,000.00 ",3,2.0,2759,3930,1987,Homes,9/29/2022,Km 23.8 Carr 149 Bo Cialitos,Ciales,18.28832,-66.508966,Company1
28852,"Bo. Pugnado, Terreno en Vega Baja"," $50,000.00 ",0,0.0,0,2526,0,Land,10/20/2022,Carr. 643 Km 6.8 Bo Pugnado,Vega Baja,18.379542,-66.433923,Company1
28936,"Bo. Pueblo, Casa en Fajardo"," $72,000.00 ",3,2.0,908,286,1972,Homes,9/30/2022,262 CALLE IGUALDAD,Fajardo,18.32566431,-65.65994644,Company1
28957,"Bo. Pueblo, Local Comercial en Utuado"," $125,000.00 ",2,2.0,2855,203,1982,Commercial,10/19/2022,47 DR. CUETO STREET PUEBLO WARD,Utuado,18.2666,-66.7077,Company1
28979,"Urb. Lomas De Manatuabon, Solar en Manati"," $95,000.00 ",0,0.0,0,1446,0,Land,10/24/2022,Bo Rio Arriba Urb Lomas de Manatuabon,Manati,18.387223,-66.484052,Company1
29011,"Bo. Islote, Solar en Arecibo"," $575,000.00 ",0,0.0,0,7349,0,Land,10/27/2022,Km 005 Hm 9 Carr 681 Bo Islote,Arecibo,18.4874982,-66.6585823,Company1
29034,"Urb. Brighton Country Club, Townhouse en Dorado"," $450,000.00 ",3,2.5,3100,100,2007,Homes,10/23/2022,Urb. Brighton Country Club B2,Dorado,18.463502,-66.279424,Company1
29051,"Urb. Cambridge Park, Casa en San Juan"," $450,000.00 ",4,2.5,5188,482,1985,Homes,10/30/2022,Cambridge Park Calle York H-13,San Juan - Rio Piedras,18.3887603,-66.0488542,Company1
29053,"Sector El Combate, Parador en Cabo Rojo"," $1,595,000.00 ",0,10.0,6200,900,1970,Commercial,11/1/2022,Vista Del Canal #7 Sec El Combate Elliot Paradise,Cabo Rojo,17.98526,-67.21158,Company3
29094,"Bo. Hato Abajo, Local Mixto en Arecibo"," $459,000.00 ",3,2.5,5656,1368,1982,Commercial,8/4/2022,6 Antonio Marques Street Marques Dev Hato Abajo Ward,Arecibo,18.46910047,-66.73305914,Company1
29142,"Urb. Coop. De Solares Venezuela, Casa en San Juan"," $38,000.00 ",3,1.0,694,195,1975,Homes,10/31/2022,Solar 4 Manzana Q Urb Cooperativa de Solares Venezuela,San Juan - Rio Piedras,18.3927,-66.0535,Company1
29145,"Bo. Cedro Arriba, Solar en Naranjito"," $98,000.00 ",0,0.0,0,4070,0,Land,11/4/2022,Bo CEDRO ARRIBA CARR 809 km 2 HM 2 Interior,Naranjito,18.26376942,-66.26358684,Company3
29152,"Bo. Pueblo, Local Comercial en Barranquitas"," $160,000.00 ",1,1.0,2500,232,1962,Commercial,11/1/2022,Calle Barcelo 96 Pueblo,Barranquitas,18.186672,-66.307374,Company1
29166,"Bo. Bayamón, Casa en Cidra"," $415,000.00 ",5,4.5,4500,4716,2001,Homes,11/1/2022,Bo. Bayamon Solar 2 Carr 7787 Km.HM 0.3,Cidra,18.170427,-66.12246,Company3
29230,"Bo. Espinosa, Casa en Dorado"," $250,000.00 ",4,2.0,1229,999,1972,Homes,10/27/2022,Bo Espinosa Carr 2 Ramal 679 Km 23,Dorado,18.402689,-66.302594,Company1
29252,"Urb. Costa Verde, Casa en Humacao"," $1,700,000.00 ",4,3.5,4620,1035,2005,Homes,11/10/2022,Urb Costa Verde Calle Via Del Campo #9 Palmas Del Mar,Humacao - Palmas Del Mar,18.10029,-65.807241,Company1
29274,"Bo. Sabana Eneas, Casa en San Germán"," $110,000.00 ",3,1.0,1025,491,2014,Homes,10/23/2022,Comunidad Sabana Eneas Carr. 102 km 27.4,San German,18.086156,-67.082313,Company1
29328,"Bo. Palos Blancos, Casa en Corozal"," $300,000.00 ",2,2.0,1054,39303,1999,Homes,11/17/2022,Carr 803 Km 6 H 2 Bo Palos Blancos Parcela Medina,Corozal,18.2931989,-66.2948136,Company1
29340,"Bo. Dajaos, Casa en Bayamón"," $75,000.00 ",4,3.0,2000,425,1983,Multi-Family Homes,11/15/2022,Bo Dajaos Carr SR 8829 Km 4.2,Bayamon,18.3046553,-66.1747819,Company1
29343,"Bo. Arenas, Casa en Cidra"," $225,000.00 ",3,3.0,2400,418,1980,Homes,11/19/2022,Bo Arenas Sector Campo Bello Calle Arboleda Casa #1,Cidra,18.137791,-66.137375,Company1
29411,"Urb. Caparra Terrace, Local Comercial en San Juan"," $250,000.00 ",0,1.0,1052,293,1972,Commercial,11/11/2022,Urbanizacion Caparra Terrace #796 Ave De Diego,San Juan - Rio Piedras,18.4008953,-66.0864356,Company1
29448,"Urb. Nueva, Casa en Barceloneta"," $240,000.00 ",7,3.0,2690,279,1981,Multi-Family Homes,11/29/2022,Urbanizacion Nueva Calle C #69,Barceloneta,18.457761,-66.541161,Company1
29452,"Urb. Villa Del Rio, Casa en Guayanilla"," $58,500.00 ",3,2.0,889,337,1978,Homes,10/31/2022,Solar #3 Bloque B Urb Villa del Rio Sita,Guayanilla,18.017373,-66.78768,Company1
29453,"Bo. Ceiba Norte,  Casa en Juncos"," $375,000.00 ",4,3.0,1136,1011,1995,Homes,11/29/2022,Bo Ceiba Norte Lote 1,Juncos,18.20886712,-65.89551344,Company1
29463,"Cond. Sky Tower, Apartamento en San Juan"," $105,000.00 ",2,1.0,889,82,1980,Apartment,10/31/2022,Apt 20-M Condominio Sky Tower III Barrio Caimito,San Juan - Rio Piedras,18.351402,-66.067588,Company1
29466,"Bo. Aguirre, Terreno en Salinas"," $260,000.00 ",0,0.0,0,129291,0,Land,10/31/2022,Carr 3 KM 152.1 Predio de terreno Bo Aguirre,Salinas,18.0001068,-66.24102408,Company1
29467,"Urb. Las 500, Propiedad Mixta en Arroyo"," $250,000.00 ",2,4.0,1900,689,2002,Commercial,11/30/2022,COM LAS 500 CALLE MARMOL 342,Arroyo,17.98771,-66.05879,Company1
29473,"Urb. El Valle en Los Prados, Casa en Caguas"," $395,000.00 ",4,3.0,2400,438,2003,Homes,11/14/2022,Calle Bucayo M-21 El Valle en Los Prados,Caguas,18.230644,-66.064996,Company1
29475,"Bo. Vacas, Propiedad Comercial en Villalba"," $300,000.00 ",10,7.0,3000,350,1990,Commercial,11/24/2022,Bo. Vacas Carr 562 Sec Casa Grande Km Hm 3.7,Villalba,18.16357,-66.461693,Company1
29477,"Urb. Fajardo Gardens, Casa en Fajardo"," $100,000.00 ",3,2.0,710,390,1972,Homes,11/28/2022,Calle Laurel 183 Fajardo Gardens,Fajardo,18.344588,-65.661038,Company1
29485,"Urb. Paseo San Juan, Casa en Rio Piedras"," $1,325,000.00 ",6,3.5,3857,1092,1997,Homes,11/8/2022,G-29 Calle Adoquines Paseo San Juan,San Juan - Rio Piedras,18.34698,-66.0594,Company1
29487,"Urb. Hacienda Las Palmas, Casa en Manati"," $1,550,000.00 ",5,5.0,4000,2654,2004,Homes,11/26/2022,Hacienda Las Palmas #6,Manati,18.45234003,-66.48330109,Company1
29518,"Cond. Dulcinea, Apartamento en San Juan"," $780,000.00 ",2,2.0,1640,152,1968,Apartment,11/17/2022,Condominio Dulcinea 9 Calle Cervantes Apt. 7B,San Juan - Condado-miramar,18.455896,-66.068782,Company1
29520,"Bo. Damian Abajo, Casa en Orocovis"," $265,000.00 ",5,5.0,3521,327,1995,Homes,11/18/2022,Carr 157 Km 8.5 Bo Damian Abajo,Orocovis,18.231245,-66.482875,Company1
29521,"Bo. Los Llanos, Casa en Coamo"," $350,000.00 ",4,4.0,2259,210,2003,Homes,12/1/2022,Llanuras de Barcelona Carr Est PR 15 Km 25.6 Bo Los Llanos,Coamo,18.0536704,-66.4092012,Company1
29523,"Urb. Hacienda Margarita, Casa en Luquillo"," $520,000.00 ",3,2.5,1817,3248,1995,Homes,10/5/2022,Hacienda Margarita #86,Luquillo,18.34459,-65.695075,Company1
29586,"Cond. Grand Bay Beach, Apartamento en Rio Grande"," $450,000.00 ",2,3.0,1448,160,2008,Apartment,12/1/2022,Condominio Grand Bay Beach Apt 115,Rio Grande,18.42066541,-65.82710932,Company1
29596,"Cond. Puerta Real, Apartamento en San Juan"," $140,000.00 ",2,1.0,933,86,2004,Apartment,10/25/2022,834 Añasco Cond Puerta Real Apt 102,San Juan - Hato Rey,18.4063,-66.0552,Company1
29601,"Comm. Villa Sin Miedo, Casa en Canóvanas"," $80,000.00 ",4,2.0,864,1965,1986,Homes,11/10/2022,COMM VILLA SIN MIEDO CARR 186 KM.HM 7.4 PARC 30,Canovanas,18.254705,-65.872277,Company1
29630,"Bo. Las Cuevas, Terrenos en Trujillo Alto"," $215,000.00 ",0,0.0,0,3501,0,Land,11/30/2022,Solar B y C Carr PR 876 KM 0.3 Sector el Resbalon Bo Cuevas,Trujillo Alto,18.359328,-66.006477,Company1
29686,"Calle Mattei LLuberas, Local Comercial en Yauco"," $165,000.00 ",5,3.0,1400,338,1960,Commercial,12/9/2022,Calle Mattei LLuberas #28,Yauco,18.0357269,-66.8480529,Company1
29693,"Cond. Costamar, Apartamento en Punta Las Marias - Isla Verde"," $350,000.00 ",2,2.0,802,74,1978,Apartment,11/29/2022,1 Calle Inga Apt 8D Condominio Costamar,San Juan - Santurce,18.451436,-66.038264,Company1
29699,"Urb. Linda Gardens, Solar en San Juan"," $425,000.00 ",0,0.0,0,24368,0,Land,12/15/2022,Parcela Quebrada Arenas Ward Urb Linda Gardens,San Juan - Rio Piedras,18.30699506,-66.08009844,Company1
29720,"Cond. Hill Brothers, Apartamento en San Juan"," $69,500.00 ",3,1.0,843,78,1995,Apartment,11/30/2022,"Apt 201 Cond Hill Brothers, Calle #7 esq Calle 10 Bo Sabana Llana",San Juan - Rio Piedras,18.398566,-66.022739,Company1
29753,"Bo. Barrazas, Casa en Carolina"," $49,500.00 ",2,1.0,992,982,1980,Homes,11/30/2022,Carr 853 KM 7.8 Sector Marquez Predio de Terreno Bo Barrazas,Carolina,18.325742,-65.944625,Company1
29797,"Calle Port Road, Terreno en Humacao"," $400,000.00 ",0,0.0,0,2076,0,Land,12/21/2022,21 Port Road,Humacao - Palmas Del Mar,18.07585,-65.80394,Company1
29800,"Bo. Voladoras, Local Comercial en Moca"," $599,000.00 ",5,0.0,10000,770,1970,Commercial,12/13/2022,CARR 125 Km 6.9 Barrio Voladoras,Moca,18.38056,-67.08485,Company1
29802,"Bo. Dos Bocas, Local Comercial en Trujillo Alto"," $650,000.00 ",0,3.0,5237,1208,1982,Commercial,12/19/2022,El Deportivo II Bo. Dos Bocas,Trujillo Alto,18.33857,-65.9907,Company1
29808,"Bo. Jagueyes, Casa en Aguas Buenas"," $308,000.00 ",7,4.0,2751,1965,1998,Homes,12/19/2022,Bo. Jagueyes Calle Ward Carr PR-797 KM 1.9,Aguas Buenas,18.29032177,-66.07219539,Company1
29817,"Bo. Santa Olaya, Solar en Bayamón"," $105,000.00 ",0,0.0,0,800,0,Land,12/20/2022,Carr 829 Km 10.7 Solar #1 Bo Santa Olaya,Bayamon,18.32051,-66.16039,Company1
29863,"Bo. Naranjo, Casa en Comerio"," $55,000.00 ",3,1.0,1200,461,1982,Homes,12/21/2022,PR 782 Km 7.9 Bo Naranjos 138,Comerio,18.2178693,-66.1749264,Company1
29882,"Bo. Carraizo, Solar en Trujillo Alto"," $125,000.00 ",0,0.0,0,4850,0,Land,12/1/2022,Carr PR 843 Km 4.5 Bo Carraizo Mirador del Lago,Trujillo Alto,18.325,-66.03,Company1
29883,"Bo. La Gloria, Solar en Trujillo Alto"," $850,000.00 ",0,0.0,0,56479,0,Land,12/1/2022,Carr 851 Km 8.9 Bo La Gloria Mirador del Rio,Trujillo Alto,18.341,-65.999,Company1
29884,"Bo. Carraizo, Solar en Trujillo Alto"," $300,000.00 ",0,0.0,0,30696,0,Land,12/1/2022,Carr 176 Km 11.6 Bo Carraizo The Village,Trujillo Alto,18.321,-66.031,Company1
29885,"Bo. Carraizo, Solar en ​​​​​​​Trujillo Alto"," $900,000.00 ",0,0.0,0,148018,0,Land,12/1/2022,Carr 843 Km 4.7 Bo Carraizo Portal del Lago,Trujillo Alto,18.323,-66.028,Company1
29886,"Bo. Rio Canas, Terreno en Caguas"," $750,000.00 ",0,0.0,6000,5235,0,Land,12/1/2022,Carr 796 Km 2.0 Campo Chico Bo Rio Canas,Caguas,18.282,-66.023,Company1
29888,"Bo. Morovis Norte, Local Comercial en Morovis"," $600,000.00 ",0,4.0,6500,1100,1995,Commercial,11/29/2022,Carr 6634 Km 3.4 Morovis Norte,Morovis,18.339435,-66.405853,Company1
29893,"Calle Virgilio Sanchez, Casa en Arroyo"," $110,000.00 ",3,2.0,1273,158,1962,Homes,12/27/2022,Calle Virgilio Sanchez #31,Arroyo,17.96307,-66.06221,Company1
29897,"Bo. Cordillera, Finca en Ciales"," $549,000.00 ",0,0.0,0,530603,0,Land,12/20/2022,Pr 146 Km 24.1 Bo Cordillera,Ciales,18.3175263,-66.4944408,Company1
29914,"Hacienda Doña Sefa, Casa en Barranquitas"," $750,000.00 ",5,4.5,3000,2083,1982,Homes,12/3/2022,Carr 143 km 52 Bo. Hayales,Barranquitas,18.1699743,-66.364864,Company1
29946,"Urb. El Real, Casa en San German"," $72,000.00 ",3,3.5,1438,325,1980,Homes,11/30/2022,Solar #6 Bloque D Urb El Real Bo Sabana Grande,San German,18.09195599,-67.0465472,Company1
29947,"Bo. Palos Blancos, Casa en Corozal"," $48,600.00 ",2,1.0,518,3214,1980,Homes,11/30/2022,Parcela #52-A Comunidad Rural Medria Bo Palos Blancos,Corozal,18.29474,-66.29856,Company1
29948,"Bo. Factor, Terreno en Arecibo"," $73,000.00 ",0,0.0,0,1000,0,Land,12/31/2022,Hacienda El Paraiso BO FACTOR CARR 683,Arecibo,18.45013848,-66.62488967,Company1
29953,"Bo. Hato Viejo, Casa en Ciales"," $115,000.00 ",3,2.0,938,599,1987,Homes,12/31/2022,SR 632 K.M 2.2 Bo Hato Viejo,Ciales,18.36200927,-66.49071653,Company1
29955,"Cond. Chalets De Ensueño, Apartamento en San Juan"," $63,000.00 ",2,1.0,850,78,1995,Apartment,12/31/2022,Apt #2 Cond Chalets D Ensueño Sector Seboruco Bo Hill Brothers,San Juan - Rio Piedras,18.393408,-66.021507,Company1
29962,"Bo. Piletas, Casa en Lares"," $170,000.00 ",3,2.0,1296,13756,1992,Homes,12/29/2022,PR 129 Km 25.6 Bo Piletas Sector Castro,Lares,18.3143851,-66.886496,Company1
29993,"Bo. Pueblo, Local Comercial en Arecibo"," $150,000.00 ",0,8.0,9336,532,1956,Commercial,1/4/2023,Avenida De Diego 225 Pueblo,Arecibo,18.473,-66.72,Company4
30023,"Urb. Ext. Santa Maria, Casa en San Juan"," $1,175,000.00 ",5,4.5,4479,1153,1978,Homes,1/2/2023,Calle Limoncillo #79 Ext Santa Maria,San Juan - Rio Piedras,18.37184,-66.083179,Company1
30035,"Urb. Mirabella Village, Casa en Bayamón"," $580,000.00 ",5,5.0,4104,300,2009,Homes,12/28/2022,Urb MIRABELLA VILLAGE CLUB CALLE AMATISTA #74,Bayamon,18.40885263,-66.18219409,Company1
30038,"Bo. Quebradilla, Casa en Yabucoa"," $49,500.00 ",4,2.0,947,3929,1960,Homes,12/31/2022,Bo Quebradilla Carr 900 Km 7.3,Yabucoa,18.06449,-65.953975,Company1
30044,"Bo. Quebrada Grande, Casa en Mayaguez"," $120,000.00 ",5,3.0,1967,1459,1979,Homes,12/6/2022,CARR 348 BO QUEBRADA GRANDE KM 4.2,Mayaguez,18.168163,-67.116898,Company1
30047,"Bo. Canas, Casa en Ponce"," $49,500.00 ",3,2.0,797,430,1978,Homes,12/31/2022,Parcela #22 Bloque BB Comunidad Rural Nueva Vida Barrio Canas,Ponce,17.98952992,-66.66102582,Company1
30061,"Urb. Los Campos De Montehiedra, Casa en San Juan"," $832,000.00 ",4,2.5,3000,504,2003,Homes,1/10/2023,Campos de Montehiedra C Valle de Lajas 771,San Juan - Rio Piedras,18.331005,-66.07191,Company1
30072,"Bo. Jaguas, Multi-unidad en Gurabo"," $250,000.00 ",6,2.0,2127,3482,2002,Homes,12/30/2022,Carr PR 941 Km 5.0 Bo Jaguas (2 Unidades),Gurabo,18.2784356,-66.0078771,Company1
30084,"Urb. Sierra Taina, Casa en Bayamón"," $350,000.00 ",5,3.5,2405,1062,1996,Homes,1/8/2023,Calle 1 #17 Urb Sierra Taína,Bayamon,18.33588113,-66.16032413,Company1
30110,"Urb. Valle Escondido, Casa en Humacao"," $460,000.00 ",4,3.0,3100,13756,2007,Multi-Family Homes,1/4/2023,3 Urb Valle Escondido Bo Hato Tejas Calle Eucalipto #2,Humacao,18.146089,-65.85055,Company1
30138,"Urb. Flamboyan Gardens, Casa en Bayamón"," $133,000.00 ",4,2.0,1377,324,1970,Homes,12/31/2022,Solar 6 Manzana P Urb Flamboyan Gardens,Bayamon,18.388547,-66.158791,Company1
30140,"Bo. Santa Catalina, Terreno en Coamo"," $250,000.00 ",0,0.0,0,106120,0,Land,1/14/2023,Bo Santa Catalina PR 150 KM 15.4,Coamo,18.09030549,-66.41101052,Company1
30158,"Bo. La Parguera, Edificio Comercial en Lajas"," $2,900,000.00 ",10,15.0,10000,939,1977,Commercial,12/9/2022,BO PARGUERA SOLAR 11 CARR 304 KM 0.1,Lajas,17.974827,-67.04808,Company1
30220,"Bo. Segundo, Casa en Ponce"," $80,100.00 ",6,2.0,1312,139,1977,Multi-Family Homes,12/31/2022,Solar # 147 Barrio Segundo Calle Union,Ponce,18.016817,-66.615565,Company1
30252,"Bo. Guavate, Casa en Cayey"," $849,995.00 ",4,4.0,5328,3935,1975,Homes,12/30/2022,Carr 184 interseccion 763 KM 6 interior Guavate,Cayey,18.133383,-66.070541,Company1
30259,"Bo. Hato Nuevo, Casa en Gurabo"," $140,000.00 ",3,1.0,1440,856,1978,Homes,1/18/2023,Bo Hato Nuevo Sector Pablo Alamo,Gurabo,18.267822,-65.943218,Company1
30261,"Cond. Astralis, Apartamento en Carolina"," $698,000.00 ",3,2.5,2225,206,2003,Apartment,1/22/2023,9550 Calle Diaz Way Astralis Residences & Club Apt 221,Carolina - Isla Verde,18.4406903,-66.0177689,Company1
30264,"Bo. Contorno, Terreno en Toa Alta"," $78,000.00 ",0,0.0,740,709,0,Land,1/21/2023,104 Barcelo Bo Contorno,Toa Alta,18.386637,-66.248524,Company1
30265,"Sec. Aleman Madero, Casa en Trujillo Alto"," $160,550.00 ",8,4.0,4200,1414,1985,Multi-Family Homes,12/31/2022,Solar #10 Carr 181 Km 9.5 Sector Aleman Madero,Trujillo Alto,18.336173,-65.990207,Company1
30290,"Urb. Puerto Nuevo, Edificio en San Juan"," $1,877,000.00 ",0,12.0,12500,1154,1955,Commercial,12/27/2022,404-406 Ave Andalucia 1003 Calle Alesia y 403 Calle Arabia Urb Puerto Nuevo,San Juan - Rio Piedras,18.41368781,-66.07894457,Company3
30291,"Cond. Chalets De Las Palmas, Apartamento en Humacao"," $63,000.00 ",2,1.0,722,73,2007,Apartment,12/31/2022,Apt # 408 Cond Chalets de las Palmas Bo Buena Vista,Humacao,18.11265,-65.801351,Company1
30311,"Bo. Terranova, Casa en Quebradillas"," $365,000.00 ",3,1.0,940,3400,1977,Homes,1/26/2023,6633 PR 4484 km 0.4 Bo Terranova,Quebradillas,18.47633,-66.92481,Company1
30355,"Bo. Hoyamala, Casa en San Sebastian"," $209,900.00 ",7,3.0,2340,9565,1990,Homes,1/26/2023,Carr 119 km 30.2 Bo. Hoyamala,San Sebastian,18.347863,-66.967245,Company2
30356,"Bo. Barrancas, Casa en Guayama"," $155,000.00 ",2,1.0,1672,329,1979,Homes,11/8/2022,Com Barrancas P 183 Calle 3,Guayama,17.947986,-66.128806,Company1
30357,"BO. TANAMA, CASA EN ARECIBO"," $230,000.00 ",9,4.0,8435,689,1990,Multi-Family Homes,1/21/2023,BO TANAMA SEC LOS CAÑOS CARR 651 KM 10 H5,Arecibo,18.425659,-66.713226,Company1
30379,"Bo. Media Luna, Casa en Toa Baja"," $89,100.00 ",7,2.0,2306,312,1980,Multi-Family Homes,12/31/2022,Solar #110 Proyecto UM-35 La Pachanga Bo Media Luna,Toa Baja,18.443701,-66.251987,Company1
30381,"Bo. Cristian, Casa en Lajas"," $650,000.00 ",4,5.0,2264,4764,1988,Homes,12/21/2022,Carr 321 km 0.9 Bo Cristian Sector Los Caobos,Lajas,18.06053499,-67.04734902,Company1
30385,"Bo. Altagracia, Casa en Manati"," $275,000.00 ",3,2.0,1575,768,1992,Homes,11/9/2022,Calle Vicenta Arroyo 507 Bo Altagracia,Manati,18.4378533,-66.479294,Company1
30406,"Bo. Llanos Tuna, Casa en Cabo Rojo"," $99,000.00 ",3,1.0,868,1114,1940,Homes,1/28/2023,Bo Llanos Tuna Sector La 22 Km 5.2 Carr 312,Cabo Rojo,18.066459,-67.112651,Company1
30407,"Bo. Rio Prieto, Casa en Yauco"," $236,000.00 ",3,2.5,1564,37181,2019,Homes,1/26/2023,PR 374 Km 4.5 Lot 7 Bo Rio Prieto Sector Cerrote,Yauco,18.150414,-66.823397,Company1
30418,"Bo. Sabana, Casa en Luquillo"," $850,000.00 ",5,4.0,2723,9826,1978,Homes,1/18/2023,SR 988 Km 7.9 Bo Sabana,Luquillo,18.3251141,-65.7195262,Company1
30434,"Bo. Guaraguao, Casa en Guaynabo"," $150,000.00 ",6,3.0,1800,430,1980,Multi-Family Homes,1/13/2023,Parcela 257 Parc Landrau Calle #1 Guaraguao,Guaynabo,18.32379,-66.136489,Company1
30440,"BO. MANA, FINCA EN COROZAL"," $185,000.00 ",0,0.0,0,24985,0,Land,1/26/2023,"BO MANA FINCA NO. 12,070 FOLIO 97 TOMO 231 PR 805 KM 1.1",Corozal,18.267148,-66.302172,Company1
30442,"BO. MANA, FINCA EN COROZAL"," $90,000.00 ",0,0.0,0,16831,0,Land,1/27/2023,"PR 805 KM 1.1 BO MANA FINCA NO. 12,068 FOLIO 85 TOMO 231",Corozal,18.267765,-66.301553,Company1
30445,"BO. MANA, FINCA EN COROZAL"," $85,000.00 ",0,0.0,0,700,0,Land,1/26/2023,"BO MANA EN COROZAL FINCA NO. 8,381 FOLIO 11 TOMO PR 805 KM 1.1",Corozal,18.265267,-66.303324,Company1
30470,"Urb. Park Gardens, Casa en San Juan"," $250,000.00 ",4,2.0,830,1000,1970,Homes,2/2/2023,Urb Park Gardens T2 - 10 Calle Iguazu,San Juan - Rio Piedras,18.386829,-66.034965,Company1
30471,"BO. TURABO ARRIBA, CASA EN CAGUAS"," $245,000.00 ",3,3.0,1400,941,1999,Homes,2/1/2023,BO.TURABO ARRIBA SECTOR SANTA MARIA II CARR 7784 Km 2.0,Caguas,18.19958873,-66.07327024,Company1
30472,"Bo. Pueblo, Casa en Dorado"," $290,000.00 ",3,2.0,1160,212,1952,Homes,2/3/2023,Calle Bailen Solar 101,Dorado,18.459548,-66.26372,Company1
30490,"Urb. Caldas, Casa en San Juan"," $995,000.00 ",3,5.0,2457,4913,1972,Homes,1/27/2023,Urb Caldas 2034 Calle Jose Fidalgo Diaz,San Juan - Rio Piedras,18.358603,-66.080612,Company1
30493,"Urb. Rolling Hills, Casa en Carolina"," $132,000.00 ",3,2.0,909,223,1973,Homes,1/22/2023,Urb Rolling Hills Calle Argentina B-59,Carolina,18.380931,-65.980262,Company1
30494,"Bo. Bahomamey, Casa en San Sebastian"," $115,000.00 ",6,3.0,2100,188,1995,Homes,11/30/2022,Bo Bahomamey Calle Pavia #52 Int,San Sebastian,18.338399,-66.9926464,Company1
30524,"Bo. Calvache, Casa en Rincón"," $495,000.00 ",7,3.0,2362,1200,1982,Homes,2/7/2023,Carr 411 Km 18.4 Bo Calvache,Rincon,18.3162545,-67.2221915,Company1
30573,"Bo. Rio Grande, Terreno en Rincón"," $1,250,000.00 ",3,2.0,1650,15292,2018,Land,2/10/2023,Carr 400 Km 1.2 Bo Rio Grande,Rincon,18.3553472,-67.2329603,Company1
30603,"Cond. Puerta Del Mar, Penthouse en Aguadilla"," $1,000,000.00 ",2,2.0,2288,212,2008,Apartment,2/6/2023,Cond Puerta Del Mar Edif 7 Apt 514,Aguadilla,18.454216,-67.159847,Company1
30605,"Bo. Quebrada, Terreno en San Lorenzo"," $167,500.00 ",0,0.0,0,16187,0,Land,2/12/2023,Int PR 931 Km 0.6 Quebrada Ward,San Lorenzo,18.220345,-65.961896,Company1
30612,"Cond. Polaris, Apartamento en Carolina"," $315,000.00 ",3,3.5,1903,176,2011,Apartment,2/6/2023,Cond Polaris PH D-808,Carolina,18.365128,-65.929178,Company1
30637,"Bo. Canaboncito, Solar en Caguas"," $78,000.00 ",0,0.0,0,1231,0,Land,2/1/2023,Bo Canaboncito Sec Bucana Carr 172 Km 7.5,Caguas,18.19113,-66.104736,Company1
30638,"Urb. Parkville, Casa en San Juan"," $160,000.00 ",2,2.0,939,169,1974,Homes,1/31/2023,"Solar ""C"" R-16 Urb Parkville Bo Monacillos",San Juan - Rio Piedras,18.37057926,-66.09160921,Company1
30653,"Cond. Casita I, Apartamento en Fajardo"," $345,000.00 ",1,1.0,864,77,1994,Apartment,1/31/2023,Apartamento #85 Condominio Casita I Resort Bo Las Cabezas,Fajardo,18.356122,-65.628534,Company1
30705,"Bo. Hato, Casa en San Lorenzo"," $250,000.00 ",8,8.0,3747,547,1995,Multi-Family Homes,2/8/2023,Barrio Hato Carr 183 Km 7.8,San Lorenzo,18.200636,-65.977654,Company1
30727,"Bo. Pozo Hondo, Terreno en Guayama"," $365,000.00 ",0,0.0,0,77538,0,Land,2/11/2023,Bo Pozo Hondo Carr 53 Km 83.6,Guayama,17.990975,-66.167929,Company1
30753,"Bo. Ramos, Casa en Luquillo"," $350,000.00 ",7,5.0,4000,1456,1995,Homes,10/26/2022,72 A Cuesta de Leon Comunidad Ramos,Luquillo,18.34351,-65.708755,Company3
30783,Project for the Development of Housing in Ceiba/Fajardo," $6,560,000.00 ",0,0.0,0,107987,0,Land,11/23/2022,Carr PR-3 Km 51.6 Los Machos Ward,Ceiba,18.2816924,-65.6417237,Company3
30813,"Cond. Ridge Top, Apartamento en Guaynabo"," $435,000.00 ",3,2.5,1670,155,2013,Apartment,2/22/2023,Ave San Ignacio Cond Ridge Top Apt. C-206,Guaynabo,18.355844,-66.101601,Company1
30814,"Urb. El Monte, Terreno en Ponce"," $145,000.00 ",0,0.0,0,2670,0,Land,2/19/2023,Urb 4ta Extension El Monte Calle Bilbao 73,Ponce,18.040527,-66.56134,Company1
30820,"Urb. Country Club, Casa en San Juan"," $157,000.00 ",3,2.0,1540,379,1962,Homes,2/2/2023,Calle Denotiera #927 URB COUNTRY CLUB,San Juan - Rio Piedras,18.40365755,-66.00797716,Company1
30830,"Urb. Hacienda Del Caribe, Solar en Toa Alta"," $150,000.00 ",0,0.0,0,1425,0,Land,2/26/2023,Urb Haciendas del Caribe Calle Yukiyu I-20,Toa Alta,18.383291,-66.202113,Company1
30850,"CONDADO, RESIDENCIA EN SAN JUAN"," $1,399,000.00 ",4,4.0,2540,240,1960,Homes,2/2/2023,1362 CALLE ESTRELLA SANTURCE NORTE,San Juan - Condado-miramar,18.452,-66.069,Company1
30866,"Bo. Hucares, Casa en Naguabo"," $49,000.00 ",3,1.0,723,121,1960,Homes,2/28/2023,#10 Calle las Mercedes Carr 3 Solar Poblado Hucares Playa de Naguabo,Naguabo,18.190822,-65.71206,Company1
30867,"Bo. Florencio, Casa en Fajardo"," $54,900.00 ",3,1.0,649,108,1965,Homes,2/28/2023,Bo Florencio 101 Calle Santiago,Fajardo,18.32725917,-65.65343549,Company1
30920,"Bo. Coco Nuevo, Local Comercial en Salinas"," $185,000.00 ",1,4.0,2374,1000,2013,Commercial,2/28/2023,Calle Jose De Diego #7 Bo Coco Nuevo,Salinas,18.00924731,-66.25983729,Company1
30933,"Bo. Pueblo, Local Comercial en Aguadilla"," $130,000.00 ",0,2.0,411,107,2008,Commercial,3/4/2023,Ave Victoria 468 Bo Pueblo,Aguadilla,18.413828,-67.154155,Company1
30939,"Urb. Residencias Del Palmar, Casa en Vega Alta"," $310,000.00 ",3,2.5,2754,1001,2003,Homes,2/5/2023,Residencias del Palmar Lote G Calle Tanama,Vega Alta,18.4704403,-66.3340451,Company1
30946,"Urb. La Flores De Montehiedra, Casa en San Juan"," $1,200,000.00 ",6,4.5,4194,789,2000,Homes,2/7/2023,Urb La Flores de Montehiedra Calle Lirio 633,San Juan - Rio Piedras,18.3363,-66.0714,Company1
30952,"Bo. Nueva, Casa en Gurabo"," $135,000.00 ",5,2.0,3229,300,2007,Multi-Family Homes,3/3/2023,Bo Nueva Calle F Sur 155,Gurabo,18.252322,-65.974703,Company1
30956,"Bo. Palo Alto, Terreno en Manati"," $80,000.00 ",0,0.0,0,10022,0,Land,3/5/2023,Bo Palo Alto Sector El Abra Interior,Manati,18.412784,-66.444749,Company1
30963,"Bo. Jobos, Casa en Isabela"," $1,500,000.00 ",5,3.5,10000,4000,1998,Homes,2/9/2023,Carr 472 Km 3.1 Bo Jobos,Isabela,18.49081581,-67.05565969,Company1
30964,"Bo. Quebrada Larga, Casa en Añasco"," $250,000.00 ",3,2.0,2000,604,2003,Homes,2/17/2023,Bo Quebrada Larga Carr 402 Km 3.0,Añasco,18.29939221,-67.15177573,Company1
30973,"Urb. Caparra Hills, Casa en Guaynabo"," $2,700,000.00 ",5,4.5,5000,800,1975,Homes,3/7/2023,G2 calle Yagrumo Urb Caparra Hills,Guaynabo,18.4052,-66.104,Company1
30979,"Urb. Villa Carolina, Casa en Carolina"," $164,995.00 ",5,3.0,1280,350,1975,Homes,3/3/2023,Urb Villa Carolina Calle 30 Bloq 6 #22,Carolina,18.3899553,-65.9560112,Company5
31009,"Urb. Highland Gardens, Edificio Comercial en Guaynabo"," $850,000.00 ",9,4.0,3720,445,1980,Commercial,3/6/2023,Calle Acuarela C-12 HIGHLAND GARDENS,Guaynabo,18.374016,-66.10807,Company1
31059,"Calle Reina, Terreno en Ponce"," $110,000.00 ",0,0.0,0,662,0,Land,3/12/2023,Calle Reina 138,Ponce,18.01208,-66.61834,Company1
31064,"Bo. Campo Rico, Casa en Canovanas"," $250,000.00 ",5,3.0,2830,3432,2006,Homes,3/4/2023,Bo Campo Rico Carr 185 KM 5.4 Calle #9,Canovanas,18.33603,-65.891976,Company1
31071,"Bo. Carola Sur, Casa en Rio Grande"," $116,000.00 ",2,2.0,816,1554,2005,Homes,3/6/2023,Carr 3 KM 28.9 Calle 12 Sector Carola Sur,Rio Grande,18.367094,-65.790847,Company1
31087,"Bo. Toita, Terreno en Cayey"," $325,000.00 ",0,0.0,0,13755,0,Land,2/10/2023,Bo Toita Sector Don Cloto Carr 14 Int,Cayey,18.136412,-66.18539,Company1
31089,"Martineau Beach Estates, Terreno en Vieques"," $250,000.00 ",0,0.0,0,1012,0,Land,2/28/2023,Lot 14 Exclusivo en Martineau Beach Estates,Vieques,18.142137,-65.467181,Company1
31093,"Martineau Beach Estates, Terreno en Vieques"," $250,000.00 ",0,0.0,0,987,0,Land,2/28/2023,Lot 13 Exclusivo en Martineau Beach Estates Bo Florida,Vieques,18.142137,-65.467181,Company1
31097,"Bo. Jimenez, Casa en Rio Grande"," $265,000.00 ",6,3.0,2600,5502,1970,Homes,2/21/2023,Carr 966 Km 2.7 Bo Jimenez,Rio Grande,18.346356,-65.8101299,Company1
31100,"Bo. Pesas, Casa en Ciales"," $90,000.00 ",3,2.0,1400,10252,2021,Homes,3/8/2023,Carr 149 km 22.4 interior Bo Pesas Sector Penonales,Ciales,18.295767,-66.512436,Company1
31106,"Urb. Los Paisajes Ciudad Jardin, Casa en Gurabo"," $495,000.00 ",4,3.0,3318,587,2001,Homes,3/14/2023,102 Calle Aleli Urb Los Paisajes Ciudad Jardin,Gurabo,18.26123,-65.942853,Company1
31107,"Bo. Montalva,  Terreno en Guánica"," $85,000.00 ",0,0.0,0,4432,0,Land,3/2/2023,Bo Montalva Carr 116 km 17.1 Lote 8,Guanica,17.97917758,-66.950085,Company1
31108,"Bo. Rio Jueyes, Terreno en Salinas"," $395,500.00 ",0,0.0,0,20595,0,Land,2/7/2023,PR #1 KM 157 Int. Pueblo Ward Lot 17 Sect Rio Jueyes,Salinas,17.970112,-66.285017,Company1
31112,"Urb. Remanso Taino, Lote en Carolina"," $67,000.00 ",0,0.0,0,1015,0,Land,3/14/2023,Remanso Taino Calle Caguax Lote 3,Carolina,18.3521869,-65.9646891,Company1
31113,"Martineau Beach Estates, Terreno en Vieques"," $250,000.00 ",0,0.0,0,1009,0,Land,2/28/2023,Lot 12 Martineau Beach Estates Beach Village 12 Carr 200 HM 3.1,Vieques,18.142137,-65.467181,Company1
31119,"Cond. Los Naranjales, Apartamento en Carolina"," $40,000.00 ",3,1.0,720,66,1967,Apartment,2/28/2023,Carr 874 Apt C-69-3 Cond Los Naranjales B Hoyo Mulas,Carolina,18.387991,-65.955953,Company1
31120,"Bo. Candelaria, Casa en Toa Baja"," $64,000.00 ",2,1.0,1120,568,1980,Homes,2/28/2023,Solar #10 Comunidad Rural Dos Abras Bo Candelaria,Toa Baja,18.419457,-66.222179,Company1
31143,"Urb. Colinas De Luquillo, Casa en Luquillo"," $2,517,500.00 ",8,8.0,1280,1990,2023,Multi-Family Homes,2/21/2023,Colinas de Luquillo 15 Carr 992 Mata de Platano,Luquillo,18.361139,-65.729683,Company1
31171,"Bo. Buena Vista, Solar en Humacao"," $110,000.00 ",0,0.0,0,21852,0,Land,2/12/2023,Bo Buena Vista Lote 10 Carr 993,Humacao,18.128928,-65.801345,Company1
31199,"Bo. Palmas Altas, Casa en Barceloneta"," $420,000.00 ",3,2.0,5381,500,1981,Homes,3/9/2023,Bo Palmas Altas Car 681 K17 Buzon 35,Barceloneta,18.487937,-66.556942,Company1
31203,"Urb. El Retiro, Casa en Caguas"," $1,495,000.00 ",6,6.0,4712,1963,2000,Homes,9/27/2022,Urb El Retiro Calle Industria B-9,Caguas,18.270535,-66.042673,Company1
31214,"Urb. Villa Olimpica, Casa en San Juan"," $79,000.00 ",3,1.0,925,112,1967,Homes,3/20/2023,Villa Olimpica 584 Paseo 4,San Juan - Rio Piedras,18.41153,-66.02138,Company1
31225,"Bo. Naranjo, Terreno en Moca"," $39,900.00 ",0,0.0,0,2000,0,Land,3/14/2023,Bo Naranjo Solar B,Moca,18.352397,-67.106057,Company1
31254,"Urb. Seascape Peninsula, Solar en Humacao"," $550,000.00 ",0,0.0,0,400,0,Land,3/13/2023,Lote #15 en Seascape Peninsula,Humacao - Palmas Del Mar,18.0772714,-65.8006151,Company1
31268,"Bo. Cibao, Solar en San Sebastian"," $98,000.00 ",0,0.0,0,3920,0,Land,3/11/2023,Lote AH Bo Cibao,San Sebastian,18.36293858,-66.90563136,Company1
31275,"Bo. Naranjo, Terreno en Fajardo"," $95,000.00 ",0,0.0,0,4429,0,Land,3/23/2023,Lot 7 PR 984 INT MABI SECTOR NARANJO WARD,Fajardo,18.3141875,-65.6862527,Company1
31319,"Bo. Mamey, Casa en Patillas"," $120,000.00 ",4,2.0,2000,545,1970,Multi-Family Homes,3/13/2023,Bo Mamey Carr 757 Km 7.4,Patillas,18.022737,-65.989778,Company1
31326,"Urb. Bucare, Lote en San Juan"," $500,000.00 ",0,0.0,0,893,0,Land,3/22/2023,Urb Bucare Calle Onix #22,San Juan - Rio Piedras,18.36543975,-66.08726157,Company1
31345,"Urb. Luna Llena, Solar en Trujillo Alto"," $90,000.00 ",0,0.0,0,2233,0,Land,2/2/2023,Urb Luna Llena Solar #5 Bo Carraizo,Trujillo Alto,18.32012344,-66.02433439,Company1
31349,"Cond. Torre De Los Frailes, Apartamento en Guaynabo"," $99,000.00 ",3,2.0,970,90,1980,Apartment,2/28/2023,7 - G CONDOMINIO TORRE DE LOS FRAILES,Guaynabo,18.379245,-66.09983,Company1
31357,"Bo. Algarrobo, Casa en Mayagüez"," $800,000.00 ",8,7.0,4000,2136,1946,Multi-Family Homes,3/10/2023,Bo Algarrobo Carr 104 Kmhm 03,Mayaguez,18.2074796,-67.15191906,Company1
31930,"Sec. Echegaray, Casa en Camuy"," $110,000.00 ",3,1.0,768,800,1995,Homes,3/27/2023,Carr 455 KM 3.8 Sector Echegaray,Camuy,18.37195,-66.85038,Company1
31931,"Bo. Algarrobo, Solar en Mayagüez"," $100,000.00 ",0,0.0,0,970,0,Land,3/10/2023,Bo Algarrobo Carr 104 Kmhm 3,Mayaguez,18.22055054,-67.15228134,Company1
31942,"Cond. Millenia Park, Apartamento en San Juan"," $109,000.00 ",3,1.0,665,61,1980,Apartment,2/28/2023,Apt # 201 Condominio MILLENIA PARK,San Juan - Rio Piedras,18.387794,-66.098942,Company1
31943,"Urb. Reparto El Valle, Casa en Lajas"," $79,000.00 ",2,1.0,910,344,1982,Homes,2/28/2023,"Solar #1 Bloque ""B"" Urb Reparto el Valle de Lajas Bo Sabana Yeguas",Lajas,18.040813,-67.050491,Company1
31961,"Bo. Rosa, Casa en Vega Alta"," $109,000.00 ",2,1.0,1200,535,2017,Homes,3/26/2023,Calle Faisan 73 B Barrio Sta Rosa,Vega Alta,18.43742,-66.348419,Company1
31962,"Bo. Jobos, Terreno en Isabela"," $990,000.00 ",0,0.0,0,70747,0,Land,3/25/2023,Lote A PR 459 Calle Ultramar Bo Jobos,Isabela,18.50212,-67.079587,Company3
31963,"Bo. Jobos, Terreno en Isabela"," $350,000.00 ",0,0.0,0,19652,0,Land,3/25/2023,PR 459 Calle Ultramar Lote C Bo Jobos,Isabela,18.501428,-67.079543,Company3
31966,"Urb. Alturas De Monte Brisas, Casa en Fajardo"," $99,000.00 ",4,2.0,862,393,1975,Homes,2/28/2023,Solar #13 Bloque 4-B Urb Alturas de Monte Brisas Bo Quebrada,Fajardo,18.339039,-65.655722,Company1
31973,"Bo. Palomas, Solar en Comerio"," $48,000.00 ",0,0.0,0,1582,0,Land,3/30/2023,Bo Palomas R 8809 Carr 780 KM.H.M 4.5,Comerio,18.24741745,-66.25460052,Company1
31976,"Urb. Quintas de Altamira, Solar en Juana Diaz"," $82,500.00 ",0,0.0,0,4626,0,Land,3/13/2023,Urb Quintas de Altamira C/Monte Saliente Solar #57,Juana Diaz,18.046019,-66.483864,Company1
32013,"Bo. Pueblo, Casa en Cabo Rojo"," $225,000.00 ",6,4.0,2878,339,1970,Multi-Family Homes,3/22/2023,42 Calle Ruiz Belvis Bo Pueblo,Cabo Rojo,18.0868192,-67.1476587,Company1
32016,"Cond. Arcos de Cupey, Apartamento en San Juan"," $150,000.00 ",3,2.0,1188,110,1998,Apartment,3/18/2023,650 Calle Ceciliana Condominio Arcos de Cupey APT 1404,San Juan - Rio Piedras,18.361391,-66.047914,Company1
32026,"Bo. Buenavista, Solar en Hatillo"," $100,000.00 ",0,0.0,0,1179,0,Land,3/29/2023,Solar #9 Bo Buenavista,Hatillo,18.425321,-66.791807,Company1
32037,"Bo. Membrillo, Terreno en Camuy"," $150,000.00 ",0,0.0,0,2919,0,Land,4/3/2023,Carr 485 KM 1.7 Interior Bo Membrillo,Camuy,18.487492,-66.859466,Company1
32038,Opcionada," $165,000.00 ",3,2.0,1800,300,1980,Homes,3/1/2023,CIUDAD UNIVERSITARIA CALLE 5 U-5,Trujillo Alto,18.37318,660.26285,Company1
32066,"URB. SIERRA TAINA, SOLAR EN BAYAMÓN"," $79,000.00 ",0,0.0,0,1201,0,Land,4/4/2023,URB SIERRA TAINA Solar 19-A CALLE 4,Bayamon,18.336092,-66.16113,Company1
32067,"Bo. Rio Lajas, Casa en Toa Alta"," $215,000.00 ",4,2.0,2210,5897,1980,Homes,4/5/2023,Bo Rio Lajas Sector Jazmin Carr 823 Km 2.5,Toa Alta,18.379003,-66.311124,Company1
32072,"Bo. Sabanetas, Finca en Mayaguez"," $173,000.00 ",0,0.0,0,282988,0,Land,3/1/2023,PR 341 Bo Sabanetas,Mayaguez,18.26783653,-67.16874988,Company3
32073,"Bo. Quebrada Grande, Casa en Trujillo Alto"," $310,000.00 ",3,4.0,4986,3807,1996,Homes,4/5/2023,Carr 852 Km 1.5 Bo Quebrada Grande Camino Las Vistas Lote 2,Trujillo Alto,18.330746,-65.974219,Company1
32102,"Bo. Puente De Jobos, Casa en Guayama"," $85,000.00 ",3,1.5,1100,254,1972,Homes,4/5/2023,Bo Puente de Jobos 116 Calle 6B 37,Guayama,17.956829,-66.168091,Company1
32108,"Sec. Haciendas Del Lago, Terreno en Trujillo Alto"," $169,900.00 ",0,0.0,0,7860,0,Land,4/3/2023,Haciendas Del Lago Lote #43,Trujillo Alto,18.32970356,-66.02151206,Company1
32110,"Bo. Buena Vista, Solar en Morovis"," $35,000.00 ",0,0.0,0,1000,0,Land,3/30/2023,PR 155 Ramal 6634 Bo Buena Vista Solares A y B,Morovis,18.3405157,-66.4034301,Company1
32124,"Bo. Ortiga, Local Comercial en Villalba"," $850,000.00 ",0,2.0,2850,402,1997,Commercial,3/25/2023,Carr 143 Km 39.7 Bo Ortiga,Villalba,18.17757,-66.451067,Company1
32135,"Bo. Guzman Abajo, Casa en Rio Grande"," $250,000.00 ",3,4.0,1766,7168,1987,Homes,3/30/2023,Guzman Abajo Carretera 956 Km 4.9,Rio Grande,18.345606,-65.844695,Company1
32136,"Bo. Ortiz, Casa en Toa Alta"," $200,000.00 ",3,2.5,1750,1101,2005,Homes,3/30/2023,Carr 827 km 1.9 Sector Chinea Bo Ortiz,Toa Alta,18.339826,-66.2149681,Company1
32137,"Bo. Sabana Seca, Casa en Toa Baja"," $115,000.00 ",3,2.0,950,467,1977,Homes,3/29/2023,Calle Crisantemo 92A Sabana Seca,Toa Baja,18.445935,-66.226999,Company1
32143,"Bo. Rio Lajas, Terreno en Toa Alta"," $45,000.00 ",0,0.0,0,2672,0,Land,4/6/2023,Bo Rio Lajas Terreno Sector Marzan Solar 10,Toa Alta,18.3693061,-66.31412475,Company1
32145,"Urb. Residencias Del Palmar, Terreno en Vega Alta"," $139,000.00 ",0,0.0,0,1000,0,Land,4/8/2023,Urb Residencias del Palmar Lote F Calle Tanama Cerro Gordo,Vega Alta,18.4702752,-66.3340655,Company1
32146,"Urb. Lomas Del Sol, Solar en Guaynabo"," $250,000.00 ",0,0.0,0,15238,0,Land,3/28/2023,Parcela A Camino Sylvia Lomas del Sol,Guaynabo,18.29609273,-66.08662245,Company1
32153,"Urb. La Sierra Del Rio, Casa en San Juan"," $675,000.00 ",4,2.5,2450,587,1998,Homes,4/11/2023,Urb La Sierra Del Rio Calle 1 F-3,San Juan - Rio Piedras,18.368955,-66.058745,Company1
32172,"Cond. Colinas Del Bosque, Apartamento en Bayamón"," $189,000.00 ",3,2.5,1529,142,2003,Apartment,3/31/2023,Apt A-102 Condominio Colinas del Bosque Bo Juan Sanchez,Bayamon,18.40272,-66.13094,Company1
32181,"Bo. Algarrobo, Solar en Mayaguez"," $85,000.00 ",0,0.0,0,3309,0,Land,1/19/2023,Carr 104 KM HM 1.3 Bo Algarrobo,Mayaguez,18.22618538,-67.15803759,Company1
32185,"Bo. Consumo, Propiedad Mixta en Las Marias"," $250,000.00 ",3,2.0,2200,1590,1992,Commercial,3/27/2023,Carr 106 km 14.2 Bo Consumo,Las Marias,18.20893234,-67.03256387,Company1
32188,"Urb. Villa Carolina, Casa en Carolina"," $110,000.00 ",3,1.0,776,324,1969,Homes,3/31/2023,Solar #30 Manzana 191 Urb Villa Carolina Bo Hoyo Mulas,Carolina,18.41509,-65.958863,Company1
32216,"Urb. Villa Carolina, Casa en Carolina"," $125,000.00 ",4,2.0,1597,376,1970,Homes,3/31/2023,Solar #9 Manzana 162 Urb Villa Carolina Bo Hoyo Mulas,Carolina,18.409645,-65.964826,Company1
32223,"Bo. San Idelfonso, Terreno en Coamo"," $1,100,000.00 ",0,0.0,0,232521,0,Land,3/13/2023,Carr 154 KM 1 Bo San Idelfonso,Coamo,18.032358,-66.352956,Company1
32230,"Urb. Brisas Del Mar, Casa en Luquillo"," $55,000.00 ",3,1.0,857,185,1977,Homes,3/31/2023,Parcela #16 Bloque C Urb Brisas del Mar Bo Sabana,Luquillo,18.374061,-65.720828,Company1
32233,"Cond. Garden Center, Apartamento en San Juan"," $69,000.00 ",2,1.0,482,44,1974,Apartment,3/31/2023,Apt #8 Condominio Garden Center Rio Piedras Norte,San Juan - Rio Piedras,18.401163,-66.060847,Company1
32243,"Urb. Mansiones Punta Del Este, Casa en Fajardo"," $415,000.00 ",4,2.5,2249,720,1999,Homes,4/12/2023,Urb Mansiones de Punta del Este Calle Marbella #16,Fajardo,18.3423449,-65.6707884,Company1
32253,"Urb. Mansiones Del Sur, Casa en Ponce"," $450,000.00 ",4,3.5,3800,3232,2000,Homes,3/31/2023,Lote #5 Urb Mansiones del Sur Bo Pastillo,Ponce,18.039695,-66.676898,Company1
32259,"Bo. Manantial, Casa en Vega Alta"," $55,000.00 ",3,1.0,1282,391,1982,Homes,4/14/2023,Bo. Manantial Calle Rocio # 2,Vega Alta,18.222967,-66.251495,Company1
32280,"Bo. Santiago y Lima, Casa en Naguabo"," $79,000.00 ",4,2.5,1755,802,1978,Homes,3/31/2023,Lote #21 Comunidad Rural Santiago y Lima Bo Santiago y Lima,Naguabo,18.204747,-65.709303,Company1
